Country Name,Year,Agricultural land (% of land area),Forest area (% of land area),Tree Cover Loss (hectares),Wheat Yield (tonnes/km2)
Afghanistan,2002,57.94,1.85,179.0,1.54
Afghanistan,2003,58.08,1.85,244.0,1.5
Afghanistan,2004,58.15,1.85,201.0,1.27
Afghanistan,2005,58.13,1.85,236.0,1.82
Afghanistan,2006,58.12,1.85,152.0,1.38
Afghanistan,2007,58.13,1.85,253.0,1.82
Afghanistan,2008,58.13,1.85,107.0,1.23
Afghanistan,2009,58.13,1.85,70.0,1.97
Afghanistan,2010,58.13,1.85,88.0,1.93
Afghanistan,2011,58.13,1.85,113.0,1.52
Afghanistan,2012,58.13,1.85,39.0,2.01
Afghanistan,2013,58.12,1.85,1.0,2.02
Afghanistan,2014,58.12,1.85,3.0,2.02
Afghanistan,2018,58.28,1.85,26.0,2.21
Afghanistan,2019,58.28,1.85,17.0,2.1
Afghanistan,2020,58.74,1.85,37.0,1.94
Afghanistan,2021,58.74,1.85,26.0,2.13
Albania,2002,41.61,28.17,890.0,3.16
Albania,2003,40.91,28.22,614.0,2.86
Albania,2004,40.95,28.26,3237.0,3.11
Albania,2005,39.31,28.31,695.0,3.16
Albania,2006,40.88,28.36,963.0,3.08
Albania,2007,40.84,28.4,5225.0,3.55
Albania,2008,43.1,28.45,5471.0,4.02
Albania,2009,43.84,28.5,1337.0,4.02
Albania,2010,43.84,28.54,656.0,3.99
Albania,2011,43.83,28.59,1188.0,4.23
Albania,2012,43.84,28.65,5396.0,4.11
Albania,2013,43.33,28.7,2570.0,4.13
Albania,2014,42.86,28.75,1052.0,4.0
Albania,2015,42.86,28.8,284.0,3.95
Albania,2016,43.13,28.8,928.0,3.9
Albania,2017,42.86,28.79,1689.0,4.04
Albania,2018,42.85,28.79,2049.0,3.69
Albania,2019,42.85,28.79,1074.0,4.07
Albania,2020,42.54,28.79,1118.0,4.33
Albania,2021,41.47,28.79,1686.0,4.13
Algeria,2002,16.73,0.69,3010.0,1.07
Algeria,2003,16.75,0.71,3831.0,1.45
Algeria,2004,17.28,0.72,4374.0,1.36
Algeria,2005,17.3,0.73,4470.0,1.51
Algeria,2006,17.29,0.75,5415.0,1.51
Algeria,2007,17.32,0.76,5202.0,1.27
Algeria,2008,17.34,0.78,7972.0,1.1
Algeria,2009,17.37,0.79,10467.0,1.6
Algeria,2010,17.37,0.81,2606.0,1.48
Algeria,2011,17.38,0.81,8344.0,1.74
Algeria,2012,17.38,0.81,10913.0,1.76
Algeria,2013,17.4,0.81,6927.0,1.91
Algeria,2014,17.4,0.82,9523.0,1.48
Algeria,2015,17.41,0.82,5707.0,1.46
Algeria,2016,17.37,0.82,8011.0,1.18
Algeria,2017,17.36,0.82,45979.0,1.15
Algeria,2018,17.36,0.81,5764.0,2.04
Algeria,2019,17.35,0.81,6291.0,1.96
Algeria,2020,17.35,0.82,13073.0,1.68
Algeria,2021,17.35,0.82,20473.0,1.58
Angola,2002,35.64,61.44,61034.0,1.55
Angola,2003,35.69,61.0,52462.0,1.39
Angola,2004,35.54,60.55,71274.0,1.24
Angola,2005,35.44,60.11,93435.0,1.09
Angola,2006,35.4,59.66,76940.0,1.0
Angola,2007,35.49,59.21,145287.0,1.0
Angola,2008,35.45,58.77,103582.0,1.0
Argentina,2002,47.03,11.97,105002.0,2.24
Argentina,2019,42.59,10.48,145444.0,3.22
Armenia,2002,48.86,11.67,173.0,2.39
Armenia,2003,50.72,11.66,396.0,1.72
Armenia,2004,52.86,11.65,83.0,2.34
Armenia,2005,56.38,11.65,104.0,2.03
Armenia,2006,61.69,11.64,130.0,1.46
Armenia,2007,61.53,11.63,55.0,2.58
Armenia,2008,61.43,11.63,113.0,2.43
Armenia,2009,61.34,11.62,203.0,2.24
Armenia,2010,60.94,11.61,162.0,2.12
Armenia,2011,59.65,11.6,174.0,2.88
Armenia,2012,59.11,11.6,198.0,2.6
Armenia,2013,59.11,11.59,42.0,3.13
Armenia,2014,59.03,11.58,38.0,3.23
Armenia,2015,58.89,11.57,2.0,3.34
Armenia,2016,58.9,11.57,30.0,3.24
Armenia,2017,58.87,11.56,42.0,2.18
Armenia,2018,58.91,11.55,6.0,2.82
Armenia,2019,58.9,11.54,1.0,1.96
Armenia,2020,58.87,11.54,19.0,2.25
Armenia,2021,58.83,11.53,5.0,2.47
Australia,2004,51.4,17.04,124769.0,2.0
Australia,2011,51.56,16.96,121316.0,2.03
Australia,2012,50.39,17.05,139803.0,2.15
Austria,2002,35.17,46.57,10902.0,4.97
Austria,2003,34.96,46.6,14476.0,4.38
Austria,2004,34.75,46.63,14599.0,5.92
Austria,2005,34.62,46.66,21657.0,5.03
Austria,2006,34.46,46.69,12584.0,4.91
Austria,2007,34.3,46.72,31670.0,4.78
Austria,2008,34.05,46.75,26896.0,5.69
Austria,2009,33.87,46.78,15887.0,4.93
Austria,2010,33.68,46.82,16713.0,5.01
Austria,2011,33.41,46.86,18090.0,5.85
Austria,2012,33.15,46.9,11158.0,4.14
Austria,2013,32.92,46.95,7645.0,5.37
Austria,2014,32.89,46.99,9870.0,5.92
Austria,2015,32.94,47.03,7938.0,5.7
Austria,2016,32.36,47.08,17210.0,6.25
Austria,2017,32.17,47.12,18406.0,4.87
Austria,2018,32.15,47.16,26310.0,4.65
Austria,2019,32.13,47.21,33642.0,5.74
Austria,2020,31.54,47.25,25937.0,5.92
Austria,2021,31.48,47.29,16652.0,5.53
Azerbaijan,2002,57.43,12.06,1154.0,2.6
Azerbaijan,2003,57.53,12.11,1039.0,2.56
Azerbaijan,2004,57.52,12.16,585.0,2.57
Azerbaijan,2005,57.57,12.22,246.0,2.58
Azerbaijan,2006,57.55,12.28,525.0,2.6
Azerbaijan,2007,57.56,12.33,508.0,2.67
Azerbaijan,2008,57.57,12.39,472.0,2.73
Azerbaijan,2009,57.58,12.44,372.0,2.59
Azerbaijan,2010,57.67,12.49,550.0,1.94
Azerbaijan,2011,57.69,12.6,147.0,2.44
Azerbaijan,2012,57.69,12.71,598.0,2.61
Azerbaijan,2013,57.7,12.82,149.0,2.67
Azerbaijan,2014,57.7,12.93,328.0,2.33
Azerbaijan,2015,57.7,13.04,27.0,3.04
Azerbaijan,2016,57.74,13.15,25.0,3.05
Azerbaijan,2017,57.8,13.27,80.0,2.97
Azerbaijan,2018,57.83,13.41,75.0,2.94
Azerbaijan,2019,57.83,13.55,12.0,3.16
Azerbaijan,2020,57.84,13.69,23.0,3.09
Azerbaijan,2021,57.84,13.83,85.0,3.21
Bangladesh,2002,71.85,14.7,3995.0,2.16
Bangladesh,2003,71.66,14.68,2159.0,2.13
Bangladesh,2004,71.62,14.65,4283.0,1.95
Bangladesh,2005,71.53,14.63,3293.0,1.75
Bangladesh,2006,71.29,14.61,6863.0,1.53
Bangladesh,2007,71.18,14.58,3995.0,1.85
Bangladesh,2008,71.08,14.56,4480.0,2.18
Bangladesh,2009,71.03,14.53,5625.0,2.15
Bangladesh,2010,70.99,14.51,4668.0,2.4
Bangladesh,2011,70.12,14.5,4181.0,2.6
Bangladesh,2012,70.09,14.49,5359.0,2.78
Bangladesh,2013,71.28,14.48,6022.0,3.01
Bangladesh,2014,71.6,14.48,12061.0,3.03
Bangladesh,2015,72.48,14.47,12604.0,3.09
Bangladesh,2016,73.11,14.47,21196.0,3.03
Bangladesh,2017,73.45,14.47,28377.0,3.16
Bangladesh,2018,73.96,14.47,19343.0,3.13
Bangladesh,2019,75.84,14.47,22079.0,3.08
Bangladesh,2020,76.27,14.47,21475.0,3.1
Bangladesh,2021,77.35,14.47,17587.0,3.3
Belarus,2002,44.5,41.14,25383.0,2.69
Belarus,2003,44.3,41.32,32119.0,2.51
Belarus,2004,44.16,41.49,38597.0,3.3
Belarus,2005,44.12,41.67,36192.0,3.28
Belarus,2006,44.15,41.83,42269.0,2.82
Belarus,2007,43.94,42.01,32657.0,3.28
Belarus,2008,43.95,42.18,35896.0,3.98
Belarus,2009,44.0,42.36,35543.0,3.54
Belarus,2010,43.85,42.53,35754.0,2.89
Belarus,2011,43.74,42.53,45367.0,3.31
Belarus,2012,43.35,42.54,39591.0,3.58
Belarus,2013,42.93,42.54,28085.0,3.06
Belarus,2014,42.49,42.53,33626.0,3.94
Belarus,2015,42.24,42.53,33899.0,3.96
Belarus,2016,42.04,42.91,90487.0,3.29
Belarus,2017,41.84,42.98,78767.0,3.65
Belarus,2018,41.64,43.05,87447.0,2.75
Belarus,2019,41.32,43.13,75049.0,3.33
Belarus,2020,40.8,43.19,68932.0,3.94
Belarus,2021,40.28,43.27,63479.0,3.36
Bhutan,2002,14.57,65.98,224.0,1.13
Bhutan,2003,14.65,66.23,544.0,1.42
Bhutan,2004,15.32,69.41,1013.0,1.37
Bhutan,2005,15.56,69.67,770.0,1.28
Bhutan,2006,15.14,69.93,623.0,1.35
Bhutan,2007,14.77,70.19,508.0,1.29
Bhutan,2008,13.68,70.45,775.0,1.77
Bhutan,2009,13.64,70.71,1175.0,1.44
Bhutan,2010,13.64,70.97,4354.0,2.16
Bhutan,2011,13.63,71.03,1091.0,2.67
Bhutan,2012,13.63,71.08,766.0,2.25
Bhutan,2013,13.63,71.13,485.0,2.34
Bhutan,2014,13.79,71.18,1229.0,2.23
Bhutan,2015,13.79,71.23,747.0,1.9
Bhutan,2016,13.61,71.23,1963.0,1.68
Bhutan,2017,13.45,71.29,1972.0,1.82
Bhutan,2018,13.45,71.35,1240.0,1.27
Bhutan,2019,13.45,71.4,820.0,1.31
Bhutan,2020,13.45,71.45,1288.0,1.63
Bhutan,2021,13.45,71.5,1279.0,1.26
Bosnia and Herzegovina,2002,41.46,41.21,693.0,3.0
Bosnia and Herzegovina,2003,42.36,41.19,308.0,2.26
Bosnia and Herzegovina,2004,42.37,41.17,4122.0,3.67
Bosnia and Herzegovina,2005,42.13,41.16,574.0,3.06
Bosnia and Herzegovina,2006,42.17,41.14,536.0,3.17
Bosnia and Herzegovina,2007,41.97,41.12,2682.0,3.48
Bosnia and Herzegovina,2008,41.6,41.1,1552.0,3.74
Bosnia and Herzegovina,2009,41.56,41.09,1296.0,3.78
Bosnia and Herzegovina,2010,41.88,41.07,911.0,2.66
Bosnia and Herzegovina,2011,42.01,41.29,971.0,3.6
Bosnia and Herzegovina,2012,42.11,41.52,2434.0,3.71
Bosnia and Herzegovina,2013,42.21,41.75,2574.0,3.92
Bosnia and Herzegovina,2014,42.13,41.97,1790.0,2.86
Bosnia and Herzegovina,2015,42.5,42.2,581.0,3.53
Bosnia and Herzegovina,2016,43.14,42.51,2308.0,4.29
Bosnia and Herzegovina,2017,43.52,42.73,1339.0,4.17
Bosnia and Herzegovina,2018,43.18,42.73,2674.0,4.02
Bosnia and Herzegovina,2019,43.28,42.73,1232.0,3.84
Bosnia and Herzegovina,2020,43.79,42.73,1842.0,4.6
Bosnia and Herzegovina,2021,44.2,42.73,1019.0,4.79
Botswana,2002,45.61,30.67,23.0,1.45
Botswana,2003,45.52,30.47,9.0,1.37
Botswana,2004,45.57,30.26,51.0,1.27
Botswana,2005,45.55,30.05,49.0,1.16
Botswana,2006,45.53,29.84,40.0,1.05
Botswana,2007,45.5,29.63,34.0,0.9
Botswana,2008,45.67,29.42,26.0,0.8
Botswana,2018,45.63,27.33,3.0,1.33
Botswana,2020,45.63,26.92,2.0,1.36
Botswana,2021,45.63,26.71,1.0,1.5
Bulgaria,2002,48.94,31.69,4639.0,3.01
Bulgaria,2003,48.97,32.03,5199.0,2.38
Bulgaria,2004,49.01,32.36,8170.0,3.81
Bulgaria,2005,48.46,32.73,6567.0,3.16
Bulgaria,2006,47.78,33.07,5171.0,3.4
Bulgaria,2007,47.1,33.41,9557.0,2.2
Bulgaria,2008,46.97,33.74,6448.0,4.17
Bulgaria,2009,46.33,34.09,6100.0,3.19
Bulgaria,2010,46.54,34.42,3569.0,3.62
Bulgaria,2011,46.87,34.6,3332.0,3.92
Bulgaria,2012,47.19,34.78,9978.0,3.76
Bulgaria,2013,46.01,34.95,3693.0,4.19
Bulgaria,2014,45.85,35.13,6689.0,4.22
Bulgaria,2015,46.17,35.31,7293.0,4.53
Bulgaria,2016,46.25,35.38,7395.0,4.75
Bulgaria,2017,46.33,35.5,7688.0,5.36
Bulgaria,2018,46.33,35.62,9754.0,4.91
Bulgaria,2019,46.4,35.74,4125.0,5.27
Bulgaria,2020,46.49,35.86,4795.0,4.04
Bulgaria,2021,46.49,35.98,6684.0,6.09
Burundi,2002,71.42,7.55,987.0,0.83
Burundi,2003,71.38,7.55,1325.0,0.79
Burundi,2004,71.96,7.55,614.0,0.83
Burundi,2005,70.83,7.55,985.0,0.74
Burundi,2006,70.95,7.55,344.0,0.8
Burundi,2007,71.07,7.55,1862.0,0.84
Burundi,2008,71.18,7.55,1999.0,0.84
Burundi,2009,71.3,7.55,883.0,0.86
Burundi,2010,71.38,7.55,1905.0,0.73
Burundi,2011,71.69,8.22,961.0,0.7
Burundi,2012,72.43,8.89,871.0,0.44
Burundi,2013,73.48,9.55,1406.0,0.73
Burundi,2014,74.53,10.22,2047.0,0.58
Burundi,2015,75.58,10.89,1458.0,0.68
Burundi,2016,76.64,10.89,1576.0,0.39
Burundi,2017,77.69,10.89,1775.0,0.4
Burundi,2018,78.74,10.89,2875.0,1.41
Burundi,2019,79.79,10.89,2386.0,0.64
Burundi,2020,80.84,10.89,1857.0,0.72
Burundi,2021,81.89,10.89,2272.0,0.72
Cameroon,2002,19.38,45.39,28767.0,1.34
Cameroon,2003,19.38,45.25,25345.0,1.34
Cameroon,2004,19.48,45.1,23003.0,1.34
Cameroon,2005,19.49,44.95,25159.0,1.34
Cameroon,2006,19.49,44.8,35986.0,1.34
Cameroon,2007,19.49,44.66,45916.0,1.34
Cameroon,2008,19.6,44.51,35142.0,1.35
Cameroon,2009,19.7,44.36,36072.0,1.35
Cameroon,2010,20.52,44.21,57992.0,1.38
Cameroon,2011,20.63,44.1,27652.0,1.4
Cameroon,2012,20.63,43.98,51268.0,1.23
Cameroon,2013,20.63,43.86,84612.0,1.29
Cameroon,2015,20.63,43.62,78970.0,1.33
Cameroon,2016,20.63,43.5,116619.0,1.33
Cameroon,2018,20.63,43.27,120814.0,1.34
Cameroon,2019,20.63,43.15,121801.0,1.34
Chad,2002,38.7,4.91,1958.0,2.0
Chad,2003,38.78,4.85,194.0,1.44
Chad,2005,38.86,4.72,472.0,1.5
Chad,2006,38.86,4.65,2982.0,1.0
Chad,2007,38.86,4.59,1001.0,1.87
Chad,2008,38.86,4.52,3402.0,1.8
Chad,2009,38.94,4.46,1066.0,2.0
Chad,2010,39.1,4.39,255.0,2.5
Chad,2011,39.18,4.29,920.0,0.49
Chad,2012,39.46,4.19,2491.0,2.5
Chad,2013,39.74,4.09,2895.0,2.64
Chad,2014,39.9,3.99,3001.0,1.3
Chad,2015,39.9,3.88,2591.0,1.4
Chad,2016,39.98,3.79,3166.0,2.0
Chad,2017,39.98,3.69,6765.0,1.97
Chad,2018,39.98,3.6,6932.0,2.24
Chad,2019,39.98,3.51,5059.0,1.87
Chad,2020,39.98,3.43,3433.0,1.81
Chad,2021,39.98,3.34,5095.0,1.92
Chile,2002,20.93,21.52,78081.0,4.27
Chile,2003,20.75,21.64,82844.0,4.32
Chile,2004,21.43,21.76,85729.0,4.57
Chile,2005,21.36,21.88,106926.0,4.41
Chile,2006,21.25,22.01,91923.0,4.46
Chile,2007,21.16,22.13,121652.0,4.79
Chile,2008,20.67,22.25,123068.0,4.57
Chile,2009,20.17,22.37,88567.0,4.08
Chile,2010,19.68,22.49,91496.0,5.77
Chile,2011,19.19,22.73,99350.0,5.81
Chile,2013,18.2,23.2,102243.0,5.81
Chile,2014,17.71,23.43,119335.0,5.33
Chile,2015,17.21,23.67,106107.0,5.63
Chile,2016,16.72,23.83,113904.0,6.07
Chile,2018,15.73,24.16,76898.0,6.21
Chile,2019,15.24,24.33,78735.0,6.29
Chile,2020,14.75,24.49,70592.0,6.0
Chile,2021,14.25,24.66,71610.0,5.98
Colombia,2003,37.9,56.02,122417.0,1.95
Colombia,2013,40.39,54.44,138898.0,1.69
Colombia,2015,40.36,54.2,140856.0,1.85
Croatia,2002,21.12,33.84,2340.0,4.59
Croatia,2003,21.37,33.87,1739.0,3.22
Croatia,2004,21.01,33.93,6727.0,4.93
Croatia,2005,21.64,34.0,2747.0,4.11
Croatia,2006,21.98,34.06,2204.0,4.58
Croatia,2007,21.48,34.12,3237.0,4.64
Croatia,2008,23.03,34.18,3891.0,5.48
Croatia,2009,23.22,34.25,2903.0,5.19
Croatia,2010,23.83,34.31,3499.0,4.04
Croatia,2011,23.7,34.31,2919.0,5.22
Croatia,2012,23.78,34.32,5004.0,5.35
Croatia,2013,28.01,34.33,2998.0,4.88
Croatia,2014,26.95,34.34,4559.0,4.16
Croatia,2015,27.47,34.34,2669.0,5.38
Croatia,2016,27.62,34.38,5373.0,5.65
Croatia,2017,26.75,34.52,5847.0,5.81
Croatia,2018,26.52,34.56,8285.0,5.44
Croatia,2019,26.87,34.6,5978.0,5.61
Croatia,2020,26.89,34.65,6052.0,5.87
Cyprus,2002,15.15,18.6,32.0,2.19
Cyprus,2003,16.67,18.61,25.0,1.98
Cyprus,2004,16.88,18.63,88.0,1.33
Cyprus,2005,18.07,18.64,35.0,1.76
Cyprus,2006,16.99,18.65,59.0,1.4
Cyprus,2007,15.93,18.67,778.0,2.03
Cyprus,2008,12.51,18.68,95.0,0.5
Cyprus,2009,13.81,18.69,56.0,2.55
Cyprus,2010,12.39,18.71,64.0,2.41
Cyprus,2011,12.59,18.7,119.0,2.24
Cyprus,2012,12.65,18.7,54.0,2.68
Cyprus,2013,11.78,18.7,14.0,2.19
Cyprus,2014,11.79,18.69,33.0,0.72
Cyprus,2015,13.71,18.69,20.0,2.95
Cyprus,2016,11.84,18.68,569.0,0.82
Cyprus,2017,13.14,18.68,437.0,1.91
Cyprus,2018,14.33,18.68,32.0,1.5
Cyprus,2019,13.56,18.67,43.0,2.78
Cyprus,2020,13.81,18.67,33.0,2.58
Cyprus,2021,13.33,18.67,643.0,2.13
Czechia,2002,47.26,34.18,6766.0,4.56
Czechia,2003,47.48,34.21,3925.0,4.07
Czechia,2004,47.0,34.24,13454.0,5.84
Czechia,2005,46.67,34.27,25560.0,5.05
Czechia,2006,46.16,34.3,8607.0,4.49
Czechia,2007,46.56,34.32,21325.0,4.86
Czechia,2008,46.24,34.35,16873.0,5.77
Czechia,2009,45.91,34.38,13514.0,5.24
Czechia,2010,45.63,34.41,15442.0,4.99
Czechia,2011,45.37,34.44,21853.0,5.69
Czechia,2012,45.65,34.47,14006.0,4.32
Czechia,2013,45.6,34.5,7659.0,5.67
Czechia,2017,45.6,34.6,26512.0,5.67
Czechia,2018,45.63,34.63,39206.0,5.39
Czechia,2019,45.64,34.65,73295.0,5.73
Czechia,2020,45.65,34.68,100258.0,6.14
Czechia,2021,45.73,34.71,56293.0,6.32
Denmark,2018,65.81,15.66,3162.0,6.16
Ecuador,2002,30.16,54.72,29818.0,0.57
Ecuador,2003,29.19,54.44,13836.0,0.8
Ecuador,2004,30.31,54.15,37250.0,0.81
Ecuador,2005,30.2,53.87,40379.0,0.72
Ecuador,2006,29.97,53.59,35603.0,0.78
Ecuador,2007,29.84,53.31,60540.0,0.82
Ecuador,2008,29.98,53.02,51890.0,0.75
Ecuador,2009,30.34,52.74,57646.0,0.86
Ecuador,2010,30.19,52.46,33772.0,0.89
Ecuador,2011,29.58,52.29,43630.0,0.92
Ecuador,2012,30.23,52.12,74206.0,0.8
Ecuador,2013,30.25,51.95,48383.0,0.71
Ecuador,2014,22.04,51.78,30905.0,1.12
Ecuador,2015,23.31,51.62,30078.0,0.72
Ecuador,2016,22.21,51.36,44043.0,1.52
Ecuador,2017,22.51,51.1,71108.0,1.29
Ecuador,2018,21.94,50.84,38709.0,1.71
Ecuador,2019,21.46,50.58,35646.0,1.64
Ecuador,2020,21.82,50.32,48915.0,2.19
Ecuador,2021,22.02,50.06,30273.0,1.81
Estonia,2002,16.47,53.27,21918.0,2.3
Estonia,2003,19.55,53.5,5633.0,2.16
Estonia,2004,18.17,53.73,18106.0,2.51
Estonia,2005,20.8,53.96,14818.0,3.08
Estonia,2006,21.2,54.19,21732.0,2.42
Estonia,2007,21.58,54.42,16189.0,3.47
Estonia,2008,21.39,54.65,18297.0,3.18
Estonia,2009,21.98,54.88,18823.0,3.01
Estonia,2010,22.38,55.11,21496.0,2.74
Estonia,2011,22.32,55.51,27199.0,2.81
Estonia,2012,22.55,55.91,17685.0,3.9
Estonia,2013,22.2,54.91,17089.0,3.28
Estonia,2014,22.41,55.3,23577.0,3.99
Estonia,2015,22.84,55.69,25420.0,4.79
Estonia,2016,23.07,55.7,36335.0,2.77
Estonia,2017,22.97,57.04,38857.0,4.2
Estonia,2018,23.04,57.04,40038.0,2.91
Estonia,2019,23.12,57.04,45917.0,5.07
Estonia,2020,23.04,57.04,36805.0,5.0
Estonia,2021,23.09,57.04,34004.0,4.09
Ethiopia,2002,30.5,18.38,13074.0,1.44
Ethiopia,2003,31.61,18.31,13936.0,1.39
Ethiopia,2004,29.33,16.16,13396.0,1.47
Ethiopia,2005,29.76,16.09,15869.0,1.56
Ethiopia,2006,30.32,16.03,12076.0,1.52
Ethiopia,2007,31.08,15.96,25609.0,1.67
Ethiopia,2008,30.58,15.9,24009.0,1.62
Ethiopia,2009,31.0,15.84,29279.0,1.83
Ethiopia,2010,31.62,15.77,20184.0,1.84
Ethiopia,2011,32.19,15.71,15463.0,2.03
Ethiopia,2012,32.33,15.64,41632.0,2.11
Ethiopia,2013,32.52,15.58,30851.0,2.44
Ethiopia,2014,32.71,15.51,32725.0,2.54
Ethiopia,2015,32.89,15.45,10276.0,2.79
Ethiopia,2016,33.08,15.38,19582.0,2.68
Ethiopia,2017,33.26,15.32,35404.0,2.74
Ethiopia,2018,33.59,15.25,18894.0,2.77
Ethiopia,2019,33.84,15.19,25582.0,2.97
Ethiopia,2020,34.09,15.12,17981.0,3.0
Ethiopia,2021,34.2,15.06,19751.0,2.67
Finland,2002,7.34,73.56,142432.0,3.26
Finland,2003,7.37,73.49,89697.0,3.55
Finland,2004,7.4,73.42,146602.0,3.47
Finland,2013,7.43,73.52,148661.0,3.82
France,2003,53.91,28.52,26393.0,6.25
France,2007,53.34,29.37,49246.0,6.25
France,2016,52.45,30.9,60768.0,5.29
Georgia,2002,43.23,39.9,536.0,1.7
Georgia,2003,43.26,39.99,292.0,1.93
Georgia,2004,35.86,40.08,1967.0,1.82
Georgia,2005,36.26,40.17,549.0,1.99
Georgia,2006,36.24,40.26,531.0,1.25
Georgia,2007,36.22,40.35,992.0,1.67
Georgia,2008,36.18,40.44,746.0,1.68
Georgia,2009,35.95,40.53,448.0,1.07
Georgia,2010,35.4,40.62,819.0,1.02
Georgia,2011,35.15,40.62,540.0,2.07
Georgia,2012,35.04,40.62,473.0,1.7
Georgia,2013,35.78,40.62,252.0,1.84
Georgia,2014,34.77,40.62,114.0,1.35
Georgia,2015,34.8,40.62,43.0,2.58
Georgia,2016,34.45,40.62,523.0,2.57
Georgia,2017,34.32,40.62,208.0,2.21
Georgia,2018,34.17,40.62,300.0,2.47
Georgia,2019,34.14,40.62,166.0,2.33
Georgia,2020,34.22,40.62,222.0,2.2
Georgia,2021,34.25,40.62,420.0,2.7
Greece,2002,64.72,28.4,5126.0,2.34
Greece,2003,64.02,28.63,2563.0,2.01
Greece,2004,62.68,28.87,6814.0,2.48
Greece,2005,62.1,29.1,4181.0,2.41
Greece,2006,61.0,29.33,7346.0,2.29
Greece,2007,60.15,29.57,46062.0,2.24
Greece,2008,59.4,29.8,21197.0,2.78
Greece,2009,58.65,30.04,6564.0,2.74
Greece,2010,58.1,30.27,7785.0,2.6
Greece,2011,57.38,30.27,6199.0,2.7
Greece,2012,56.5,30.27,13242.0,2.66
Greece,2013,55.49,30.27,5907.0,2.78
Greece,2014,48.11,30.27,3803.0,2.75
Greece,2015,48.09,30.27,3840.0,2.9
Greece,2016,47.6,30.27,6034.0,2.89
Greece,2017,46.96,30.27,8907.0,2.93
Greece,2018,46.11,30.27,7122.0,2.65
Greece,2019,45.52,30.27,7604.0,2.79
Greece,2020,45.52,30.27,5427.0,3.08
Greece,2021,45.52,30.27,49039.0,2.91
Guatemala,2002,45.6,38.37,55601.0,1.91
Guatemala,2003,46.18,37.92,98174.0,2.02
Guatemala,2004,44.07,37.46,56449.0,2.02
Guatemala,2005,42.57,37.01,100829.0,2.13
Guatemala,2006,40.27,36.56,52558.0,2.27
Guatemala,2007,41.51,36.1,126557.0,2.22
Guatemala,2008,41.38,35.65,77173.0,2.4
Guatemala,2009,40.78,35.19,86944.0,2.21
Guatemala,2010,40.29,34.74,59668.0,2.06
Guatemala,2011,40.08,34.48,40587.0,2.05
Guatemala,2012,39.78,34.23,84044.0,2.17
Guatemala,2013,39.41,33.97,55149.0,2.02
Guatemala,2014,39.99,33.72,61831.0,2.18
Guatemala,2015,41.66,33.46,54147.0,2.13
Guatemala,2017,42.21,33.25,79732.0,2.13
Guatemala,2018,42.49,33.14,71161.0,2.11
Guatemala,2019,42.77,33.03,90198.0,2.14
Guatemala,2020,43.04,32.92,98556.0,2.15
Guatemala,2021,43.04,32.81,49896.0,2.14
Honduras,2002,27.06,60.22,31528.0,0.53
Honduras,2003,28.18,60.04,33625.0,0.5
Honduras,2004,28.06,59.85,26455.0,0.53
Honduras,2005,28.15,59.67,40472.0,0.53
Honduras,2006,28.24,59.49,41631.0,0.54
Honduras,2007,28.24,59.31,42412.0,0.54
Honduras,2008,28.46,59.13,43299.0,0.54
Honduras,2009,28.58,58.95,51514.0,0.57
Honduras,2010,29.21,58.77,46085.0,0.55
Honduras,2011,29.59,58.57,52572.0,0.54
Honduras,2012,30.01,58.37,32305.0,0.55
Honduras,2013,30.12,58.17,43632.0,0.55
Honduras,2014,30.16,57.97,57482.0,0.54
Honduras,2015,30.16,57.77,50242.0,0.54
Honduras,2017,31.17,57.4,113474.0,0.54
Honduras,2018,31.36,57.21,76254.0,0.54
Honduras,2019,31.36,57.02,81416.0,0.54
Honduras,2020,31.62,56.83,93649.0,0.53
Honduras,2021,31.96,56.65,69498.0,0.54
Hungary,2002,65.26,21.72,7711.0,3.52
Hungary,2003,65.44,21.86,5733.0,2.64
Hungary,2004,65.43,22.0,12009.0,5.12
Hungary,2005,65.43,22.14,10398.0,4.5
Hungary,2006,64.83,22.28,7990.0,4.07
Hungary,2007,64.8,22.42,9361.0,3.59
Hungary,2008,64.61,22.56,8912.0,5.0
Hungary,2009,63.88,22.47,10072.0,3.85
Hungary,2010,59.02,22.6,11255.0,3.7
Hungary,2011,58.95,22.64,8225.0,4.2
Hungary,2012,58.96,22.67,11922.0,3.75
Hungary,2013,58.07,22.7,8952.0,4.64
Hungary,2014,57.68,22.55,15140.0,4.73
Hungary,2015,57.68,22.58,10720.0,5.18
Hungary,2016,57.88,22.56,14021.0,5.37
Hungary,2017,58.11,22.54,14109.0,5.43
Hungary,2018,58.03,22.53,13799.0,5.12
Hungary,2019,57.83,22.51,14398.0,5.29
Hungary,2020,53.88,22.5,12014.0,5.47
Hungary,2021,55.27,22.48,13753.0,5.93
India,2002,60.73,22.86,53005.0,2.76
India,2003,60.62,22.93,47751.0,2.61
India,2004,60.67,22.99,74129.0,2.71
India,2005,60.58,23.05,62505.0,2.6
India,2006,60.51,23.12,67411.0,2.62
India,2007,60.41,23.18,73907.0,2.71
India,2008,60.46,23.25,85953.0,2.8
India,2009,60.56,23.31,79203.0,2.91
India,2010,60.4,23.37,51317.0,2.84
India,2011,60.43,23.46,88460.0,2.99
India,2012,60.42,23.55,95069.0,3.18
India,2013,60.44,23.64,80866.0,3.15
India,2014,60.45,23.73,139138.0,3.15
India,2015,60.43,23.82,116308.0,2.75
India,2018,60.24,24.09,132233.0,3.37
India,2019,60.22,24.18,121154.0,3.53
India,2020,60.05,24.27,137716.0,3.44
India,2021,60.05,24.36,132748.0,3.47
Iraq,2002,19.87,1.87,11.0,1.57
Iraq,2003,19.87,1.88,20.0,1.36
Iraq,2004,19.87,1.88,4.0,1.19
Iraq,2005,20.21,1.88,5.0,0.87
Iraq,2006,20.55,1.88,6.0,1.38
Iraq,2007,20.9,1.88,10.0,1.4
Iraq,2008,18.73,1.88,18.0,1.37
Iraq,2009,18.07,1.9,16.0,1.88
Iraq,2010,18.93,1.9,13.0,1.99
Iraq,2011,19.69,1.9,3.0,1.96
Iraq,2012,19.73,1.9,9.0,2.42
Iraq,2013,20.42,1.9,3.0,2.31
Iraq,2014,21.35,1.9,1.0,2.4
Iraq,2017,21.49,1.9,1.0,2.84
Israel,2002,26.02,7.08,112.0,2.12
Israel,2003,25.46,7.08,30.0,2.53
Israel,2004,23.73,7.09,68.0,2.19
Israel,2005,23.78,7.09,137.0,2.35
Israel,2006,23.51,7.1,132.0,1.55
Israel,2007,23.94,7.1,48.0,1.85
Israel,2008,23.83,7.11,65.0,1.15
Israel,2009,24.15,7.11,93.0,2.06
Israel,2010,23.31,7.12,89.0,1.75
Israel,2011,23.89,7.22,1065.0,2.34
Israel,2012,24.32,7.32,49.0,3.27
Israel,2013,24.04,7.42,46.0,2.78
Israel,2014,24.85,7.52,122.0,2.27
Israel,2015,24.67,7.62,51.0,3.41
Israel,2016,25.51,6.47,65.0,3.84
Israel,2017,29.76,6.47,100.0,1.61
Israel,2018,29.63,6.47,40.0,1.33
Israel,2019,29.5,6.47,54.0,2.05
Israel,2020,29.87,6.47,46.0,2.3
Israel,2021,29.74,6.47,29.0,2.33
Italy,2002,51.65,28.75,10931.0,3.12
Italy,2003,50.41,28.97,3613.0,2.75
Italy,2004,50.33,29.19,17225.0,3.67
Italy,2005,49.83,29.42,10896.0,3.64
Italy,2006,48.03,29.64,8902.0,3.73
Italy,2007,47.89,29.86,11590.0,3.41
Italy,2008,48.89,30.08,15154.0,3.87
Italy,2009,47.28,30.31,14793.0,3.59
Italy,2010,48.45,30.53,15806.0,3.74
Italy,2011,46.84,30.71,11451.0,3.83
Italy,2012,46.43,30.89,21489.0,4.13
Italy,2013,46.09,31.08,15525.0,3.84
Italy,2014,44.51,31.26,19833.0,3.81
Italy,2015,43.77,31.44,14124.0,3.93
Italy,2016,43.33,31.62,24722.0,4.2
Italy,2017,43.37,31.8,34095.0,3.86
Italy,2018,41.95,31.98,38844.0,3.9
Italy,2019,44.37,32.17,59705.0,3.84
Italy,2020,42.33,32.35,28246.0,3.92
Italy,2021,41.94,32.53,28264.0,4.22
Japan,2002,14.2,68.3,26145.0,4.0
Japan,2003,14.1,68.32,19744.0,4.03
Japan,2004,14.02,68.35,37308.0,4.05
Japan,2005,13.94,68.37,36374.0,4.1
Japan,2006,13.86,68.4,38958.0,3.84
Japan,2007,13.79,68.42,45581.0,4.34
Japan,2008,13.72,68.44,40831.0,4.22
Japan,2009,13.65,68.47,40890.0,3.24
Japan,2010,13.59,68.49,35739.0,2.76
Japan,2011,13.5,68.48,35949.0,3.53
Japan,2012,13.46,68.47,45667.0,4.1
Japan,2013,13.42,68.46,23231.0,3.86
Japan,2014,13.36,68.45,28173.0,4.01
Japan,2015,13.29,68.43,31142.0,4.71
Japan,2016,13.2,68.42,54988.0,3.69
Japan,2017,13.11,68.41,47604.0,4.27
Japan,2018,13.02,68.41,50502.0,3.61
Japan,2019,12.94,68.41,51375.0,4.9
Japan,2020,12.84,68.41,48053.0,4.47
Japan,2021,12.78,68.41,48452.0,4.99
Jordan,2004,11.75,1.1,2.0,1.23
Jordan,2006,11.54,1.1,1.0,0.85
Jordan,2014,11.98,1.1,1.0,1.19
Jordan,2017,11.34,1.1,1.0,1.48
Jordan,2019,11.67,1.1,1.0,2.39
Kazakhstan,2002,79.07,1.16,2952.0,1.09
Kazakhstan,2003,78.9,1.16,3352.0,1.02
Kazakhstan,2004,78.78,1.16,5513.0,0.84
Kazakhstan,2005,78.63,1.16,3167.0,0.95
Kazakhstan,2006,78.48,1.15,3142.0,1.13
Kazakhstan,2007,78.32,1.15,4605.0,1.3
Kazakhstan,2008,78.1,1.15,4549.0,0.97
Kazakhstan,2009,78.08,1.14,6433.0,1.19
Kazakhstan,2010,80.44,1.14,3109.0,0.73
Kazakhstan,2011,80.38,1.16,4852.0,1.66
Kazakhstan,2012,80.38,1.18,3742.0,0.79
Kazakhstan,2013,80.38,1.19,2864.0,1.08
Kazakhstan,2014,80.3,1.21,596.0,1.09
Kazakhstan,2015,80.11,1.23,181.0,1.19
Kazakhstan,2016,80.1,1.24,1289.0,1.21
Kazakhstan,2017,80.09,1.25,975.0,1.24
Kazakhstan,2018,80.02,1.26,1139.0,1.23
Kazakhstan,2019,79.26,1.27,1282.0,1.01
Kazakhstan,2020,79.27,1.28,1853.0,1.18
Kazakhstan,2021,79.19,1.29,718.0,0.93
Kenya,2002,47.12,6.84,20288.0,2.12
Kenya,2003,47.22,6.78,13553.0,2.51
Kenya,2004,47.43,6.72,16988.0,2.48
Kenya,2005,47.44,6.66,12745.0,2.31
Kenya,2006,47.53,6.6,20656.0,2.19
Kenya,2007,47.56,6.54,26103.0,3.09
Kenya,2008,47.59,6.48,19224.0,2.58
Kenya,2009,47.94,6.41,17696.0,1.67
Kenya,2010,47.98,6.35,22693.0,3.2
Kenya,2011,48.53,6.32,17300.0,2.04
Kenya,2012,48.55,6.29,17899.0,2.97
Kenya,2013,48.57,6.26,13564.0,2.76
Kenya,2014,48.59,6.22,15357.0,1.55
Kenya,2015,48.61,6.19,15616.0,1.98
Kenya,2016,48.63,6.24,19048.0,1.4
Kenya,2017,48.65,6.29,22163.0,1.26
Kenya,2018,48.67,6.34,15908.0,2.53
Kenya,2019,48.69,6.34,15950.0,2.63
Kenya,2020,48.69,6.34,19045.0,3.06
Kenya,2021,48.69,6.34,7564.0,1.83
Latvia,2002,25.63,52.5,29176.0,3.38
Latvia,2003,25.42,52.72,21321.0,2.79
Latvia,2004,26.39,52.93,30639.0,2.94
Latvia,2005,27.87,53.14,40712.0,3.61
Latvia,2006,29.81,53.35,38894.0,2.78
Latvia,2007,29.55,53.56,36129.0,3.59
Latvia,2008,29.33,53.77,29308.0,3.86
Latvia,2009,29.46,53.98,34916.0,3.63
Latvia,2010,29.01,54.19,48507.0,3.28
Latvia,2011,29.18,54.25,44738.0,3.06
Latvia,2012,29.59,54.31,34285.0,4.37
Latvia,2013,30.16,54.38,27766.0,3.89
Latvia,2014,30.08,54.44,32203.0,3.75
Latvia,2015,30.28,54.5,30830.0,5.03
Latvia,2016,31.03,54.56,44945.0,4.3
Latvia,2017,31.06,54.63,47085.0,4.79
Latvia,2018,31.14,54.69,46923.0,3.43
Latvia,2019,31.5,54.75,57403.0,4.81
Latvia,2020,31.64,54.81,50463.0,5.34
Latvia,2021,31.66,54.87,48422.0,4.48
Lebanon,2002,60.22,13.49,81.0,2.74
Lebanon,2003,61.29,13.48,84.0,2.54
Lebanon,2004,62.39,13.47,109.0,2.93
Lebanon,2005,63.83,13.47,300.0,2.9
Lebanon,2006,66.37,13.46,149.0,2.9
Lebanon,2007,66.19,13.45,273.0,2.2
Lebanon,2008,64.81,13.44,394.0,2.88
Lebanon,2009,64.81,13.43,340.0,2.8
Lebanon,2010,62.56,13.43,115.0,2.78
Lebanon,2011,63.64,13.48,139.0,2.97
Lebanon,2012,64.32,13.54,170.0,3.12
Lebanon,2013,64.52,13.6,160.0,3.26
Lebanon,2014,64.71,13.66,160.0,3.8
Lebanon,2015,65.0,13.72,174.0,3.48
Lebanon,2016,65.59,13.78,266.0,3.15
Lebanon,2017,65.82,13.83,288.0,3.02
Lebanon,2018,65.65,13.89,256.0,3.25
Lebanon,2019,65.62,13.95,390.0,3.41
Lebanon,2020,66.21,14.01,473.0,2.44
Lebanon,2021,66.4,14.07,673.0,2.22
Lesotho,2002,75.89,1.14,3.0,0.72
Lesotho,2003,75.89,1.14,2.0,0.59
Lesotho,2004,76.22,1.14,4.0,0.64
Lesotho,2005,76.65,1.14,2.0,0.72
Lesotho,2006,75.99,1.14,2.0,0.27
Lesotho,2007,76.71,1.14,3.0,0.43
Lesotho,2008,77.8,1.14,6.0,0.24
Lesotho,2009,77.04,1.14,4.0,0.35
Lesotho,2010,76.61,1.14,4.0,1.47
Lesotho,2011,76.15,1.14,3.0,1.0
Lesotho,2012,75.27,1.14,3.0,0.86
Lesotho,2013,74.18,1.14,7.0,1.23
Lesotho,2014,74.98,1.14,12.0,0.91
Lesotho,2015,73.22,1.14,1.0,0.85
Lesotho,2016,77.6,1.14,15.0,0.59
Lesotho,2017,79.64,1.14,8.0,1.29
Lesotho,2018,80.15,1.14,8.0,0.94
Lesotho,2019,80.14,1.14,10.0,0.62
Lesotho,2020,80.14,1.14,16.0,0.7
Lesotho,2021,80.14,1.14,17.0,0.82
Libya,2002,8.78,0.12,40.0,0.78
Libya,2003,8.78,0.12,25.0,0.76
Libya,2004,8.74,0.12,10.0,0.77
Libya,2005,8.74,0.12,22.0,0.76
Libya,2006,8.74,0.12,16.0,0.79
Libya,2007,8.74,0.12,4.0,0.79
Libya,2008,8.74,0.12,6.0,0.79
Libya,2009,8.74,0.12,6.0,0.79
Libya,2010,8.72,0.12,9.0,0.78
Libya,2011,8.72,0.12,9.0,0.77
Libya,2012,8.73,0.12,5.0,0.79
Libya,2013,8.73,0.12,81.0,0.78
Libya,2014,8.72,0.12,4.0,0.77
Libya,2016,8.72,0.12,1.0,0.76
Libya,2017,8.72,0.12,10.0,0.75
Libya,2018,8.72,0.12,3.0,0.76
Libya,2019,8.72,0.12,2.0,0.77
Libya,2020,8.72,0.12,1.0,0.77
Libya,2021,8.72,0.12,1.0,0.77
Lithuania,2002,46.03,32.71,10345.0,3.63
Lithuania,2003,40.54,32.95,8916.0,3.58
Lithuania,2004,41.55,33.18,13101.0,4.03
Lithuania,2005,45.26,33.42,20385.0,3.73
Lithuania,2006,44.52,33.66,17450.0,2.36
Lithuania,2007,43.01,33.9,16037.0,3.92
Lithuania,2008,42.63,34.14,15203.0,4.27
Lithuania,2009,42.9,34.38,14408.0,4.2
Lithuania,2010,44.23,34.62,21667.0,3.3
Lithuania,2011,44.77,34.68,21735.0,3.39
Lithuania,2012,45.35,34.73,17603.0,4.78
Lithuania,2013,46.13,34.79,13923.0,4.3
Lithuania,2014,47.13,34.85,15972.0,4.56
Lithuania,2015,47.98,34.91,15794.0,5.24
Lithuania,2016,47.16,34.96,25532.0,4.37
Lithuania,2017,46.86,35.06,25804.0,4.82
Lithuania,2018,47.05,35.1,19750.0,3.67
Lithuania,2019,47.51,35.13,24565.0,4.29
Lithuania,2020,46.99,35.15,22970.0,5.39
Lithuania,2021,46.92,35.18,22634.0,4.5
Luxembourg,2002,49.72,33.83,90.0,5.97
Luxembourg,2003,49.72,33.91,103.0,6.14
Luxembourg,2005,50.11,34.07,68.0,6.02
Luxembourg,2006,50.11,34.14,366.0,5.97
Luxembourg,2007,50.88,34.22,502.0,5.6
Luxembourg,2010,50.9,34.45,880.0,5.96
Luxembourg,2011,50.99,34.45,448.0,5.53
Luxembourg,2012,51.05,34.45,444.0,5.87
Luxembourg,2014,50.88,34.45,430.0,6.15
Luxembourg,2015,50.99,34.45,327.0,6.28
Luxembourg,2016,50.75,34.45,521.0,5.07
Luxembourg,2017,50.95,34.45,413.0,5.48
Luxembourg,2018,51.1,34.45,458.0,6.19
Luxembourg,2019,51.11,34.45,509.0,6.16
Luxembourg,2020,51.33,34.45,655.0,6.07
Luxembourg,2021,51.59,34.45,1055.0,5.92
Madagascar,2002,70.23,22.25,89318.0,2.35
Madagascar,2003,70.23,22.17,84248.0,2.35
Madagascar,2004,70.23,22.08,81845.0,2.34
Madagascar,2005,70.32,22.0,93628.0,2.34
Madagascar,2006,70.32,21.92,71034.0,2.33
Madagascar,2008,70.32,21.76,123502.0,2.38
Madagascar,2009,70.32,21.68,136537.0,2.38
Madagascar,2010,70.32,21.6,107219.0,2.39
Madagascar,2012,70.29,21.55,128468.0,2.4
Malawi,2002,51.23,31.8,4190.0,0.56
Malawi,2003,52.82,31.35,7113.0,0.75
Malawi,2004,52.82,30.9,5712.0,0.75
Malawi,2005,54.94,30.46,9445.0,0.87
Malawi,2006,56.06,30.01,5563.0,1.21
Malawi,2007,56.06,29.57,7494.0,2.3
Malawi,2008,57.65,29.12,9724.0,1.61
Malawi,2009,58.18,28.68,4030.0,1.5
Malawi,2010,58.18,28.23,3982.0,1.51
Malawi,2011,58.18,27.79,8216.0,1.52
Malawi,2012,58.18,27.34,12173.0,1.51
Malawi,2013,58.81,26.9,10562.0,1.41
Malawi,2014,59.94,26.45,18587.0,1.23
Malawi,2015,60.52,26.0,10785.0,1.28
Malawi,2016,61.12,25.56,13509.0,1.11
Malawi,2017,61.7,25.11,15308.0,1.23
Malawi,2018,62.29,24.67,15487.0,1.23
Malawi,2019,62.88,24.22,12134.0,0.79
Malawi,2020,63.47,23.78,16068.0,1.26
Malawi,2021,64.17,23.33,16564.0,1.0
Mali,2002,32.52,10.9,175.0,2.57
Mali,2003,33.38,10.9,34.0,2.45
Mali,2004,32.53,10.9,153.0,2.53
Mali,2005,33.1,10.9,83.0,2.2
Mali,2006,33.16,10.9,104.0,2.4
Mali,2007,33.27,10.9,125.0,2.5
Mali,2008,33.45,10.9,106.0,2.44
Mali,2009,33.64,10.9,158.0,2.97
Mali,2010,33.64,10.9,54.0,2.55
Mali,2011,33.8,10.9,166.0,3.44
Mali,2012,33.95,10.9,79.0,4.03
Mali,2013,34.11,10.9,410.0,3.98
Mali,2014,34.26,10.9,270.0,4.44
Mali,2015,34.42,10.9,204.0,3.94
Mali,2017,34.73,10.9,332.0,6.23
Mali,2018,34.88,10.9,299.0,3.54
Mali,2019,35.04,10.9,211.0,1.93
Mali,2020,35.19,10.9,149.0,5.3
Mali,2021,35.35,10.9,130.0,3.0
Malta,2002,31.25,1.09,2.0,5.0
Malta,2004,31.25,1.09,3.0,4.1
Malta,2006,29.06,1.09,1.0,4.04
Malta,2007,29.06,1.09,1.0,4.29
Malta,2008,29.06,1.09,1.0,4.83
Malta,2009,29.06,1.09,2.0,4.93
Malta,2010,32.28,1.09,1.0,4.8
Malta,2011,32.28,1.09,1.0,4.77
Mauritania,2003,38.53,0.39,1.0,1.67
Moldova,2002,77.07,10.66,230.0,2.51
Moldova,2003,76.91,10.75,101.0,2.53
Moldova,2004,76.7,10.84,264.0,2.74
Moldova,2005,75.98,10.93,110.0,2.6
Moldova,2006,75.49,11.02,173.0,2.32
Moldova,2007,75.55,11.11,236.0,1.29
Moldova,2008,75.43,11.2,135.0,3.12
Moldova,2009,75.16,11.29,188.0,2.1
Moldova,2010,75.04,11.4,177.0,2.29
Moldova,2011,74.95,11.47,187.0,2.64
Moldova,2012,74.86,11.54,1772.0,1.58
Moldova,2013,74.85,11.61,167.0,2.76
Moldova,2014,70.41,11.68,363.0,3.17
Moldova,2015,70.5,11.75,496.0,2.67
Moldova,2016,70.5,11.75,833.0,3.49
Moldova,2017,70.46,11.75,1092.0,3.73
Moldova,2018,68.64,11.75,862.0,3.13
Moldova,2019,68.77,11.75,817.0,3.26
Moldova,2020,68.87,11.75,1414.0,1.9
Moldova,2021,69.0,11.72,1131.0,4.58
Mongolia,2002,84.09,9.21,18728.0,0.59
Mongolia,2003,73.5,9.16,38434.0,0.79
Mongolia,2004,73.44,9.16,53303.0,0.81
Mongolia,2005,73.29,9.15,7467.0,0.48
Mongolia,2006,73.66,9.13,13249.0,1.08
Mongolia,2007,73.63,9.12,48082.0,0.94
Mongolia,2008,73.52,9.12,56001.0,1.4
Mongolia,2009,73.37,9.11,81793.0,1.56
Mongolia,2010,73.34,9.11,8764.0,1.38
Mongolia,2011,73.33,9.11,3551.0,1.5
Mongolia,2012,73.25,9.11,34640.0,1.56
Mongolia,2013,73.23,9.11,629.0,1.34
Mongolia,2014,73.0,9.11,523.0,1.7
Mongolia,2015,72.99,9.1,7145.0,0.57
Mongolia,2016,72.92,9.1,4142.0,1.32
Mongolia,2017,72.86,9.1,25238.0,0.85
Mongolia,2018,72.84,9.1,9225.0,1.42
Mongolia,2019,72.8,9.1,2815.0,1.28
Mongolia,2020,72.36,9.1,465.0,1.24
Mongolia,2021,72.32,9.1,187.0,1.44
Montenegro,2006,38.29,55.51,176.0,3.09
Montenegro,2007,38.22,57.0,1051.0,2.4
Montenegro,2008,38.14,58.5,1429.0,3.5
Montenegro,2009,38.22,59.99,565.0,3.6
Montenegro,2010,38.07,61.49,211.0,3.4
Montenegro,2011,38.14,61.49,494.0,3.2
Montenegro,2012,38.14,61.49,1259.0,2.8
Montenegro,2013,16.59,61.49,2401.0,3.44
Montenegro,2014,17.12,61.49,1438.0,2.92
Montenegro,2015,17.2,61.49,181.0,2.87
Montenegro,2016,19.01,61.49,1120.0,3.15
Montenegro,2017,19.06,61.49,1269.0,3.21
Montenegro,2018,19.09,61.49,1652.0,3.21
Montenegro,2019,19.11,61.49,647.0,2.79
Montenegro,2020,19.18,61.49,983.0,3.05
Montenegro,2021,19.0,61.49,508.0,3.09
Morocco,2002,67.85,12.41,3924.0,1.28
Morocco,2003,69.18,12.45,2043.0,1.72
Morocco,2004,67.31,12.49,1441.0,1.81
Morocco,2005,67.19,12.53,1526.0,1.03
Morocco,2006,67.1,12.56,2222.0,2.04
Morocco,2007,67.13,12.6,2513.0,0.62
Morocco,2008,67.18,12.64,3409.0,1.32
Morocco,2009,67.23,12.68,1197.0,2.14
Morocco,2010,67.19,12.71,988.0,1.71
Morocco,2011,67.45,12.72,3392.0,1.95
Morocco,2012,68.12,12.72,1690.0,1.23
Morocco,2013,68.53,12.73,836.0,2.16
Morocco,2014,67.4,12.73,1682.0,1.71
Morocco,2015,67.32,12.74,952.0,2.47
Morocco,2016,69.18,12.77,2041.0,1.13
Morocco,2017,69.56,12.8,2367.0,2.1
Morocco,2018,68.4,12.82,2078.0,2.58
Morocco,2019,66.35,12.84,1250.0,1.61
Morocco,2020,68.02,12.87,3621.0,0.9
Morocco,2021,67.87,12.89,1538.0,2.63
Mozambique,2002,48.19,51.81,106658.0,1.04
Mozambique,2003,48.47,51.53,79644.0,1.19
Mozambique,2004,48.75,51.25,107726.0,1.09
Mozambique,2007,49.6,50.4,138493.0,1.18
Mozambique,2012,50.97,49.03,139946.0,1.0
Myanmar,2002,16.72,52.3,66120.0,1.27
Myanmar,2003,16.8,51.78,77224.0,1.29
Myanmar,2004,16.96,51.26,102186.0,1.39
Myanmar,2005,17.24,50.74,91847.0,1.39
Myanmar,2006,17.75,50.21,127464.0,1.53
Myanmar,2007,18.34,49.68,146598.0,1.58
Myanmar,2008,18.79,49.17,119216.0,1.71
Myanmar,2011,19.22,47.68,135716.0,1.78
Namibia,2003,47.15,9.53,209.0,6.25
Namibia,2004,47.15,9.44,61.0,4.16
Namibia,2005,47.15,9.36,64.0,4.53
Namibia,2006,47.15,9.27,17.0,5.93
Namibia,2007,47.14,9.19,80.0,5.13
Namibia,2008,47.14,9.1,34.0,6.14
Namibia,2010,47.14,8.93,27.0,6.09
Namibia,2011,47.14,8.84,71.0,6.12
Namibia,2012,47.14,8.75,26.0,6.17
Namibia,2013,47.14,8.67,2.0,6.22
Namibia,2016,47.14,8.41,1.0,4.73
Namibia,2017,47.14,8.32,2.0,5.31
Namibia,2018,47.14,8.24,8.0,5.31
Namibia,2019,47.14,8.15,2.0,5.65
Namibia,2020,47.14,8.06,1.0,6.0
Namibia,2021,47.14,7.98,4.0,6.06
Nepal,2002,29.58,40.58,2129.0,1.89
Nepal,2003,29.49,40.71,2292.0,2.01
Nepal,2004,29.42,40.83,2480.0,2.09
Nepal,2005,29.31,40.96,2758.0,2.13
Nepal,2006,29.19,41.08,3255.0,2.07
Nepal,2007,29.06,41.21,3466.0,2.16
Nepal,2008,28.96,41.34,2992.0,2.23
Nepal,2009,28.88,41.46,5524.0,1.93
Nepal,2010,28.78,41.59,2348.0,2.13
Nepal,2011,28.79,41.59,2816.0,2.27
Nepal,2012,28.75,41.59,5045.0,2.41
Nepal,2013,28.75,41.59,835.0,2.29
Nepal,2014,28.75,41.59,1162.0,2.5
Nepal,2015,28.75,41.59,579.0,2.59
Nepal,2016,28.75,41.59,999.0,2.33
Nepal,2017,28.75,41.59,2394.0,2.55
Nepal,2018,28.75,41.59,1672.0,2.76
Nepal,2019,28.75,41.59,2087.0,2.85
Nepal,2020,28.75,41.59,2233.0,3.09
Nepal,2021,28.75,41.59,2753.0,2.99
Niger,2002,30.0,1.03,1.0,1.06
Nigeria,2002,72.26,26.97,32347.0,0.98
Nigeria,2003,72.42,26.79,13381.0,1.04
Nigeria,2004,72.58,26.61,14644.0,1.07
Nigeria,2005,72.75,26.44,13280.0,1.1
Nigeria,2006,72.9,26.26,26168.0,1.13
Nigeria,2007,73.07,26.08,24573.0,1.69
Nigeria,2008,73.23,25.9,27471.0,1.66
Nigeria,2009,73.39,25.72,25290.0,1.67
Nigeria,2010,73.56,25.54,32782.0,1.48
Nigeria,2011,73.72,25.36,53891.0,1.28
Nigeria,2012,73.89,25.18,34971.0,1.02
Nigeria,2013,74.05,25.0,43435.0,1.0
Nigeria,2014,74.22,24.82,68637.0,1.3
Nigeria,2015,74.37,24.64,40928.0,1.0
Nigeria,2016,74.54,24.46,72189.0,1.0
Nigeria,2018,74.87,24.1,119822.0,1.71
Nigeria,2019,75.04,23.93,86895.0,1.68
Nigeria,2020,75.2,23.75,99200.0,1.1
Nigeria,2021,75.37,23.57,97193.0,1.12
North Macedonia,2002,52.46,37.68,890.0,2.65
North Macedonia,2003,51.16,37.69,895.0,2.18
North Macedonia,2004,49.63,37.7,2200.0,3.52
North Macedonia,2005,48.29,37.71,1307.0,3.08
North Macedonia,2006,48.13,37.72,2042.0,3.01
North Macedonia,2007,42.65,38.03,3862.0,2.4
North Macedonia,2008,42.13,38.04,3960.0,3.41
North Macedonia,2009,40.17,38.07,4301.0,3.08
North Macedonia,2010,44.37,38.08,2223.0,3.04
North Macedonia,2011,44.33,38.35,2157.0,3.35
North Macedonia,2012,50.24,38.62,2939.0,2.7
North Macedonia,2013,49.96,38.89,1149.0,3.2
North Macedonia,2014,50.0,39.16,1816.0,3.75
North Macedonia,2015,50.04,39.43,784.0,2.75
North Macedonia,2016,50.16,39.72,1496.0,3.84
North Macedonia,2017,50.2,39.71,1145.0,2.75
North Macedonia,2018,50.12,39.71,1543.0,3.4
North Macedonia,2019,50.16,39.71,1790.0,3.48
North Macedonia,2020,50.04,39.71,1856.0,3.53
North Macedonia,2021,49.96,39.71,2304.0,3.46
Norway,2002,2.86,33.16,26636.0,4.1
Norway,2003,2.85,33.16,14817.0,4.61
Norway,2004,2.85,33.15,33742.0,4.77
Norway,2005,2.84,33.15,24919.0,4.89
Norway,2006,2.83,33.15,40649.0,4.16
Norway,2007,2.83,33.14,31841.0,4.4
Norway,2008,2.81,33.14,33815.0,4.87
Norway,2009,2.78,33.14,23317.0,3.41
Norway,2010,2.75,33.13,40129.0,4.6
Norway,2011,2.74,33.16,32769.0,3.85
Norway,2012,2.72,33.18,29947.0,4.1
Norway,2013,2.7,33.21,33069.0,3.88
Norway,2014,2.7,33.23,39149.0,4.92
Norway,2015,2.7,33.25,36639.0,5.77
Norway,2016,2.69,33.27,60082.0,4.63
Norway,2017,2.7,33.29,57917.0,5.29
Norway,2018,2.7,33.32,59220.0,2.35
Norway,2019,2.7,33.34,64784.0,5.6
Norway,2020,2.71,33.44,68363.0,4.77
Norway,2021,2.7,33.46,63937.0,4.19
Pakistan,2002,47.85,5.74,325.0,2.26
Pakistan,2003,47.79,5.69,642.0,2.39
Pakistan,2004,46.76,5.64,1168.0,2.37
Pakistan,2005,46.65,5.58,948.0,2.59
Pakistan,2006,46.88,5.53,1345.0,2.52
Pakistan,2007,46.72,5.47,1123.0,2.72
Pakistan,2008,45.81,5.42,1054.0,2.45
Pakistan,2009,45.76,5.36,921.0,2.66
Pakistan,2010,45.72,5.31,720.0,2.55
Pakistan,2011,46.62,5.27,463.0,2.83
Pakistan,2012,46.78,5.23,239.0,2.71
Pakistan,2013,47.06,5.19,60.0,2.8
Pakistan,2014,47.03,5.14,39.0,2.82
Pakistan,2015,46.96,5.1,2.0,2.73
Pakistan,2017,48.0,4.99,190.0,2.97
Pakistan,2018,47.94,4.94,76.0,2.85
Pakistan,2019,47.12,4.89,81.0,2.81
Pakistan,2020,47.64,4.83,69.0,2.87
Pakistan,2021,47.09,4.78,63.0,3.0
Paraguay,2006,39.35,52.7,148256.0,1.7
Peru,2002,18.38,58.63,80452.0,1.35
Peru,2003,18.49,58.53,73869.0,1.38
Peru,2004,18.61,58.44,101320.0,1.39
Peru,2006,18.87,58.24,88916.0,1.34
Peru,2007,18.99,58.14,115743.0,1.26
Peru,2008,19.12,58.05,126614.0,1.38
Peru,2010,19.37,57.85,142324.0,1.42
Peru,2011,19.5,57.72,125265.0,1.47
Poland,2002,55.17,29.75,31070.0,3.85
Poland,2003,52.8,29.85,33293.0,3.4
Poland,2004,53.3,29.93,41874.0,4.28
Poland,2005,51.92,30.01,82379.0,3.95
Poland,2006,52.09,30.1,37680.0,3.24
Poland,2007,50.5,30.19,57311.0,3.94
Poland,2008,50.93,30.28,47941.0,4.07
Poland,2009,51.0,30.37,46926.0,4.17
Poland,2010,47.18,30.46,71835.0,4.43
Poland,2011,48.26,30.52,56650.0,4.13
Poland,2012,47.45,30.58,54896.0,4.14
Poland,2013,47.06,30.64,35015.0,4.44
Poland,2014,47.11,30.71,56279.0,4.97
Poland,2015,46.93,30.77,42743.0,4.57
Poland,2016,46.94,30.81,86510.0,4.58
Poland,2017,47.23,30.85,96252.0,4.88
Poland,2018,47.4,30.89,96846.0,3.99
Poland,2019,47.44,30.94,76721.0,4.3
Poland,2020,48.13,30.98,74959.0,5.23
Poland,2021,47.37,31.02,77568.0,4.98
Portugal,2002,42.38,35.79,34903.0,1.79
Portugal,2003,41.68,35.76,26840.0,0.86
Portugal,2004,42.29,35.73,55315.0,1.56
Portugal,2005,41.8,35.71,38934.0,0.66
Portugal,2006,41.08,35.68,42566.0,2.38
Portugal,2007,40.02,35.65,36322.0,1.86
Portugal,2008,40.73,35.62,33615.0,2.3
Portugal,2009,40.35,35.54,39860.0,1.7
Portugal,2010,39.9,35.51,48401.0,1.43
Portugal,2011,39.84,35.64,26673.0,1.2
Portugal,2012,40.01,35.77,58236.0,1.08
Portugal,2013,40.4,35.89,51884.0,1.76
Portugal,2014,40.0,36.02,60259.0,2.07
Portugal,2015,39.72,36.15,46097.0,2.02
Portugal,2016,39.51,36.15,94647.0,2.36
Portugal,2018,40.79,36.15,97437.0,2.59
Portugal,2019,43.13,36.15,36886.0,2.7
Portugal,2020,43.17,36.15,62044.0,2.77
Portugal,2021,43.25,36.15,37224.0,2.42
Romania,2002,64.46,27.82,16356.0,2.06
Romania,2003,64.36,27.88,9428.0,1.76
Romania,2004,61.43,27.94,18859.0,3.48
Romania,2005,61.66,28.0,19418.0,3.0
Romania,2006,61.04,28.07,13067.0,2.77
Romania,2007,59.29,28.15,38082.0,1.61
Romania,2008,59.3,28.21,17535.0,3.42
Romania,2009,59.21,28.25,16177.0,2.43
Romania,2010,61.53,28.32,17782.0,2.7
Romania,2011,60.75,28.64,16927.0,3.66
Romania,2012,59.7,28.99,30650.0,2.66
Romania,2013,60.45,29.33,12946.0,3.48
Romania,2014,60.11,29.66,19482.0,3.6
Romania,2015,60.23,29.99,10906.0,3.79
Romania,2016,58.77,30.12,23045.0,3.95
Romania,2017,58.14,30.12,19187.0,4.89
Romania,2018,58.3,30.12,18974.0,4.79
Romania,2019,60.09,30.12,12266.0,4.75
Romania,2020,56.72,30.12,27446.0,2.97
Romania,2021,56.85,30.12,14699.0,4.8
Rwanda,2002,76.53,11.46,941.0,0.62
Rwanda,2003,76.45,11.37,1061.0,0.77
Rwanda,2004,76.33,11.28,1122.0,0.8
Rwanda,2005,76.25,11.19,822.0,0.91
Rwanda,2006,76.37,11.1,746.0,0.85
Rwanda,2007,76.12,11.01,1430.0,0.89
Rwanda,2008,76.21,10.92,1101.0,1.03
Rwanda,2009,77.26,10.83,1382.0,1.38
Rwanda,2010,77.91,10.74,2450.0,1.39
Rwanda,2011,78.76,10.78,926.0,1.64
Rwanda,2012,79.41,10.82,1090.0,3.49
Rwanda,2013,80.26,10.86,2473.0,1.81
Rwanda,2014,81.31,10.9,2889.0,1.88
Rwanda,2015,81.35,10.94,2217.0,1.81
Rwanda,2016,81.27,11.03,2778.0,1.71
Rwanda,2017,81.27,11.07,2729.0,1.02
Rwanda,2018,79.0,11.11,4291.0,1.1
Rwanda,2019,77.18,11.15,2516.0,1.19
Rwanda,2020,79.39,11.19,3187.0,1.04
Rwanda,2021,81.25,11.23,2922.0,1.04
Serbia,2006,40.44,29.86,1891.0,3.47
Serbia,2007,40.85,30.15,2254.0,3.33
Serbia,2008,41.2,30.44,3260.0,4.3
Serbia,2009,40.22,30.73,2507.0,3.64
Serbia,2010,40.27,31.02,2462.0,3.37
Serbia,2011,40.34,31.03,2210.0,4.21
Serbia,2012,39.59,31.05,3478.0,3.98
Serbia,2013,39.92,31.06,2798.0,4.26
Serbia,2014,40.09,31.08,4388.0,3.95
Serbia,2015,39.8,31.09,2815.0,4.12
Serbia,2016,39.52,31.1,4676.0,4.85
Serbia,2017,39.09,31.12,3571.0,4.09
Serbia,2018,39.61,31.12,3966.0,4.57
Serbia,2019,39.56,31.13,3962.0,4.39
Serbia,2020,41.41,32.38,4987.0,4.94
Serbia,2021,41.44,32.38,4072.0,5.75
Slovenia,2002,25.07,61.36,724.0,4.89
Slovenia,2003,25.32,61.43,528.0,3.45
Slovenia,2004,24.43,61.5,1272.0,4.53
Slovenia,2005,25.27,61.57,1951.0,4.7
Slovenia,2006,24.38,61.64,1246.0,4.19
Slovenia,2007,24.73,61.71,2107.0,4.16
Slovenia,2008,30.7,61.76,1857.0,4.53
Slovenia,2009,31.03,61.83,1951.0,3.96
Slovenia,2010,30.97,61.9,1434.0,4.8
Slovenia,2011,30.81,61.91,1436.0,5.18
Slovenia,2012,30.37,61.92,906.0,5.44
Slovenia,2013,30.3,61.95,639.0,4.35
Slovenia,2014,30.53,61.96,5389.0,5.23
Slovenia,2015,30.61,61.96,1025.0,5.11
Slovenia,2016,30.66,61.86,5395.0,5.19
Slovenia,2017,30.54,61.77,4892.0,5.03
Slovenia,2018,30.39,61.67,8236.0,4.38
Slovenia,2019,30.41,61.57,3456.0,5.23
Slovenia,2020,30.32,61.47,3889.0,5.8
Slovenia,2021,30.34,61.37,2233.0,5.77
Somalia,2002,70.28,11.73,251.0,0.37
Somalia,2003,70.31,11.61,105.0,0.38
Somalia,2004,70.39,11.49,215.0,0.38
Somalia,2005,70.34,11.37,272.0,0.39
Somalia,2006,70.26,11.25,119.0,0.37
Somalia,2007,70.18,11.12,271.0,0.38
Somalia,2008,70.34,11.0,250.0,0.38
Somalia,2009,70.34,10.88,307.0,0.38
Somalia,2010,70.34,10.76,140.0,0.39
Somalia,2011,70.18,10.63,185.0,0.39
Somalia,2012,70.18,10.51,195.0,0.4
Somalia,2013,70.34,10.39,316.0,0.4
Somalia,2014,70.34,10.27,123.0,0.4
Somalia,2015,70.34,10.14,66.0,0.4
Somalia,2016,70.34,10.02,86.0,0.4
Somalia,2017,70.34,9.9,305.0,0.4
Somalia,2018,70.34,9.78,44.0,0.4
Somalia,2019,70.34,9.65,374.0,0.4
Somalia,2020,70.34,9.53,155.0,0.4
Somalia,2021,70.34,9.41,169.0,0.4
South Africa,2002,80.81,14.6,47680.0,2.59
South Africa,2003,80.73,14.57,92573.0,2.07
South Africa,2004,80.46,14.54,72602.0,2.03
South Africa,2005,80.36,14.51,104652.0,2.37
South Africa,2006,79.87,14.48,104943.0,2.75
South Africa,2007,79.87,14.45,47105.0,3.01
South Africa,2008,80.05,14.42,81376.0,2.85
South Africa,2009,79.95,14.39,67278.0,3.05
South Africa,2010,79.87,14.36,61759.0,2.56
South Africa,2011,79.45,14.33,69617.0,3.32
South Africa,2012,79.42,14.3,84897.0,3.75
South Africa,2013,79.42,14.27,56369.0,3.7
South Africa,2014,79.42,14.24,69667.0,3.67
South Africa,2015,79.42,14.21,70157.0,2.99
South Africa,2016,79.42,14.18,73546.0,3.76
South Africa,2017,79.42,14.15,94056.0,3.12
South Africa,2018,79.42,14.12,63667.0,3.71
South Africa,2019,79.42,14.09,76140.0,2.84
South Africa,2020,79.42,14.06,62247.0,4.16
South Africa,2021,79.42,14.03,52067.0,4.31
Spain,2002,58.95,34.84,37699.0,2.83
Spain,2003,58.4,35.11,23315.0,2.92
Spain,2004,58.24,35.41,67274.0,3.26
Spain,2005,58.43,35.7,48955.0,1.77
Spain,2006,57.34,36.0,72719.0,2.88
Spain,2007,56.11,36.28,60256.0,3.57
Spain,2008,56.42,36.6,44288.0,3.25
Spain,2009,56.09,36.9,67545.0,2.71
Spain,2010,55.09,37.09,56093.0,3.05
Spain,2011,54.04,37.1,39326.0,3.45
Spain,2012,53.86,37.08,80496.0,2.37
Spain,2013,53.44,37.08,63956.0,3.64
Spain,2014,53.13,37.08,74226.0,2.98
Spain,2015,53.19,37.13,65414.0,2.92
Spain,2016,52.58,37.14,107562.0,3.49
Spain,2017,52.64,37.15,98459.0,2.33
Spain,2018,52.41,37.16,119649.0,4.03
Spain,2019,52.46,37.17,71022.0,3.15
Spain,2020,52.33,37.18,101988.0,4.25
Spain,2021,52.48,37.17,85792.0,4.02
Sudan,2012,59.67,10.56,13.0,1.73
Sudan,2013,59.66,10.47,9.0,1.95
Sudan,2014,59.66,10.38,6.0,2.12
Sudan,2015,59.82,10.28,8.0,3.44
Sudan,2016,59.99,10.2,27.0,2.38
Sudan,2017,60.15,10.1,75.0,2.69
Sudan,2018,60.31,10.01,16.0,2.45
Sudan,2019,60.31,9.92,56.0,2.39
Sudan,2020,60.31,9.83,67.0,2.23
Sudan,2021,60.31,9.74,50.0,2.31
Sweden,2003,7.68,69.07,92619.0,5.48
Switzerland,2002,39.47,30.46,881.0,5.63
Switzerland,2003,39.39,30.56,433.0,5.06
Switzerland,2004,39.31,30.66,3830.0,6.12
Switzerland,2005,39.23,30.76,2321.0,5.73
Switzerland,2006,39.16,30.86,2049.0,5.81
Switzerland,2007,39.08,30.95,1852.0,5.98
Switzerland,2008,39.0,31.05,2419.0,6.0
Switzerland,2009,38.92,31.15,2274.0,6.02
Switzerland,2010,38.83,31.25,1738.0,5.75
Switzerland,2011,38.75,31.34,1940.0,6.3
Switzerland,2012,38.67,31.42,1518.0,5.78
Switzerland,2013,38.59,31.51,794.0,5.38
Switzerland,2015,38.42,31.69,773.0,5.99
Switzerland,2016,38.34,31.77,1679.0,4.37
Switzerland,2017,38.26,31.86,2542.0,6.09
Switzerland,2018,38.18,31.95,3134.0,5.83
Switzerland,2019,38.11,32.03,3519.0,5.75
Switzerland,2020,38.03,32.12,3928.0,6.22
Switzerland,2021,37.95,32.21,3456.0,5.11
Tajikistan,2002,32.66,2.93,37.0,1.79
Tajikistan,2003,32.84,2.93,32.0,1.97
Tajikistan,2004,33.22,2.93,20.0,1.99
Tajikistan,2005,33.38,2.93,29.0,1.96
Tajikistan,2006,33.83,2.93,19.0,2.0
Tajikistan,2007,33.79,2.93,14.0,2.35
Tajikistan,2008,33.77,2.93,33.0,1.99
Tajikistan,2009,34.01,2.93,34.0,3.03
Tajikistan,2010,33.98,2.93,11.0,3.02
Tajikistan,2011,33.96,2.95,20.0,2.34
Tajikistan,2012,33.93,2.96,26.0,2.68
Tajikistan,2013,34.16,2.98,1.0,2.97
Tajikistan,2014,34.67,3.02,1.0,2.97
Tanzania,2002,38.61,59.75,85081.0,2.51
Tanzania,2003,38.69,59.33,84068.0,2.75
Tanzania,2004,39.24,58.91,66893.0,1.95
Tanzania,2005,39.87,58.49,91583.0,2.88
Tanzania,2006,40.5,58.07,85296.0,2.07
Tanzania,2007,41.11,57.65,121685.0,1.1
Tanzania,2009,41.98,56.81,143354.0,0.55
Tanzania,2010,42.22,56.39,138486.0,1.14
Tanzania,2011,42.46,55.97,137805.0,1.04
Tanzania,2015,43.42,54.29,111961.0,0.85
Tanzania,2019,44.38,52.17,142773.0,1.5
Thailand,2002,43.22,37.61,60882.0,0.71
Thailand,2003,43.4,37.82,58448.0,0.74
Thailand,2004,43.58,38.03,91835.0,0.76
Thailand,2005,43.77,38.24,84287.0,0.78
Thailand,2006,43.95,38.45,99821.0,0.79
Thailand,2007,44.13,38.66,92629.0,0.81
Thailand,2008,44.31,38.87,80143.0,0.82
Thailand,2009,44.49,39.08,132690.0,0.85
Thailand,2010,44.67,39.29,134984.0,0.88
Thailand,2011,44.68,39.29,94545.0,0.91
Thailand,2012,44.69,39.28,114508.0,0.87
Thailand,2013,44.7,39.28,84754.0,1.25
Thailand,2014,44.71,39.27,137615.0,1.08
Thailand,2015,44.72,39.27,120808.0,1.0
Thailand,2018,44.72,39.04,133533.0,1.03
Thailand,2019,45.02,38.97,129794.0,1.06
Thailand,2020,45.55,38.9,119414.0,1.07
Thailand,2021,46.0,38.83,122816.0,1.06
Tunisia,2002,62.84,4.32,244.0,1.41
Tunisia,2003,62.98,4.34,1539.0,2.14
Tunisia,2004,63.27,4.35,319.0,1.66
Tunisia,2005,63.23,4.36,633.0,1.69
Tunisia,2006,63.12,4.37,354.0,1.49
Tunisia,2007,63.11,4.39,878.0,1.88
Tunisia,2008,63.6,4.4,718.0,1.72
Tunisia,2009,63.01,4.41,982.0,2.1
Tunisia,2010,64.61,4.42,398.0,1.89
Tunisia,2011,64.83,4.43,2204.0,2.08
Tunisia,2012,63.86,4.44,1415.0,2.02
Tunisia,2013,64.0,4.45,1300.0,1.46
Tunisia,2014,62.83,4.46,2385.0,2.09
Tunisia,2015,63.3,4.47,1880.0,1.4
Tunisia,2016,62.45,4.48,1455.0,1.82
Tunisia,2017,62.71,4.49,8526.0,1.64
Tunisia,2018,62.44,4.5,903.0,1.73
Tunisia,2019,62.44,4.51,573.0,2.26
Tunisia,2020,62.44,4.52,1062.0,1.72
Tunisia,2021,62.44,4.53,2079.0,1.95
Turkmenistan,2002,75.22,8.78,105.0,3.19
Turkmenistan,2003,74.88,8.78,85.0,2.93
Turkmenistan,2004,74.59,8.78,29.0,3.17
Turkmenistan,2005,74.22,8.78,31.0,3.15
Turkmenistan,2006,73.84,8.78,14.0,3.52
Turkmenistan,2007,73.52,8.78,38.0,1.3
Turkmenistan,2008,73.1,8.78,75.0,1.1
Turkmenistan,2009,72.79,8.78,13.0,1.6
Turkmenistan,2010,72.35,8.78,9.0,1.7
Turkmenistan,2011,72.01,8.78,17.0,1.36
Turkmenistan,2012,72.01,8.78,9.0,1.26
Turkmenistan,2014,72.01,8.78,1.0,1.26
Uganda,2002,64.12,15.42,10841.0,1.75
Uganda,2003,65.62,15.21,11980.0,1.67
Uganda,2004,66.37,15.0,18077.0,1.67
Uganda,2005,66.37,14.8,29172.0,1.67
Uganda,2006,67.38,14.59,28448.0,1.8
Uganda,2007,68.38,14.38,36627.0,1.73
Uganda,2008,69.64,14.18,36926.0,1.73
Uganda,2009,70.64,13.97,23293.0,1.67
Uganda,2010,71.14,13.72,34149.0,1.67
Uganda,2011,71.64,13.51,65067.0,1.77
Uganda,2012,71.89,13.3,29141.0,1.43
Uganda,2013,71.89,13.1,47750.0,1.43
Uganda,2014,71.89,12.89,54913.0,1.58
Uganda,2015,71.89,12.69,54021.0,1.6
Uganda,2016,71.89,12.48,67486.0,1.58
Uganda,2017,71.89,12.28,116902.0,1.56
Uganda,2018,71.89,12.07,86230.0,1.56
Uganda,2019,71.89,11.86,63268.0,1.56
Uganda,2020,71.89,11.66,73603.0,1.55
Uganda,2021,71.89,11.45,49245.0,1.54
Ukraine,2002,71.45,16.43,27077.0,3.05
Ukraine,2003,71.38,16.43,38955.0,2.94
Ukraine,2004,71.38,16.44,49493.0,3.17
Ukraine,2005,71.29,16.45,36558.0,2.85
Ukraine,2006,71.26,16.45,42130.0,2.53
Ukraine,2007,71.23,16.46,64266.0,2.34
Ukraine,2008,71.28,16.47,53016.0,3.67
Ukraine,2009,71.25,16.47,48322.0,3.09
Ukraine,2010,71.23,16.48,52441.0,2.68
Ukraine,2011,71.26,16.52,60356.0,3.35
Ukraine,2012,71.29,16.56,55521.0,2.8
Ukraine,2013,71.68,16.59,37712.0,3.39
Ukraine,2014,71.66,16.63,47187.0,4.01
Ukraine,2015,71.65,16.67,48914.0,3.88
Ukraine,2016,71.67,16.68,106761.0,4.21
Ukraine,2017,71.62,16.69,85861.0,4.11
Ukraine,2018,71.33,16.7,74423.0,3.72
Ukraine,2019,71.3,16.71,45144.0,4.16
Ukraine,2020,71.3,16.72,79461.0,3.79
Ukraine,2021,71.3,16.73,66593.0,4.53
Uruguay,2002,85.26,8.24,6870.0,2.0
Uruguay,2003,85.29,8.44,10612.0,1.5
Uruguay,2004,84.73,8.65,15126.0,2.77
Uruguay,2005,84.74,8.86,15919.0,2.97
Uruguay,2006,83.96,9.06,21029.0,2.96
Uruguay,2007,83.13,9.27,21530.0,3.16
Uruguay,2008,83.84,9.48,23597.0,2.84
Uruguay,2009,84.64,9.69,19280.0,2.86
Uruguay,2010,82.46,9.89,17826.0,3.36
Uruguay,2011,83.0,10.11,28001.0,3.22
Uruguay,2012,81.34,10.32,31388.0,3.4
Uruguay,2013,81.97,10.54,19263.0,2.18
Uruguay,2014,82.71,10.75,25643.0,3.32
Uruguay,2015,82.66,10.97,17548.0,2.7
Uruguay,2016,81.51,11.12,23688.0,3.61
Uruguay,2017,81.26,11.24,21859.0,3.52
Uruguay,2018,81.08,11.36,19528.0,2.28
Uruguay,2019,80.72,11.48,14519.0,3.67
Uruguay,2020,80.35,11.6,12682.0,3.27
Uruguay,2021,80.39,11.72,16999.0,4.18
Uzbekistan,2002,62.04,6.97,265.0,4.04
Uzbekistan,2003,61.63,7.06,53.0,3.73
Uzbekistan,2004,61.22,7.15,49.0,3.75
Uzbekistan,2005,60.81,7.24,21.0,4.21
Uzbekistan,2006,60.39,7.33,53.0,4.21
Uzbekistan,2007,59.96,7.42,43.0,4.48
Uzbekistan,2008,59.55,7.51,44.0,4.48
Uzbekistan,2009,59.13,7.59,96.0,4.9
Uzbekistan,2010,58.73,7.68,32.0,4.6
Uzbekistan,2011,58.32,7.78,33.0,4.56
Uzbekistan,2012,57.91,7.87,55.0,4.71
Uzbekistan,2013,57.5,7.96,25.0,4.74
Uzbekistan,2014,58.61,8.05,83.0,4.78
Uzbekistan,2017,57.95,8.2,2.0,4.32
Uzbekistan,2019,58.01,8.32,18.0,4.65
Uzbekistan,2020,58.28,8.37,3.0,4.56
Uzbekistan,2021,58.3,8.43,4.0,4.82
