Year,Value
2000,7.45
2001,7.58
2002,7.6
2003,7.91
2004,7
2005,6.98
2006,7.53
2007,7.17
2008,7.05
2009,7.79
2010,6.93
2011,7.31
2012,7.52
2013,7.42
2014,7.37
2015,7.17
2016,7.2
2017,7.41
2018,7.73
2019,9.32
2020,8.25
2000,19.41
2001,18.31
2002,18.76
2003,19.28
2004,16.89
2005,18.44
2006,18.86
2007,16.31
2008,15.44
2009,16.76
2010,15.87
2011,16.57
2012,14.89
2013,14.84
2014,13.11
2015,13.77
2016,12.66
2017,12.28
2018,12.72
2019,11.58
2020,11.03
2000,19.58
2001,18.09
2002,18.05
2003,20.39
2004,18.03
2005,17.52
2006,19.35
2007,17.33
2008,16.53
2009,16.8
2010,16.52
2011,16.43
2012,15.27
2013,14.42
2014,12.95
2015,13.39
2016,12.44
2017,12.82
2018,12.54
2019,11.25
2020,11.25
2000,9.8
2001,9.95
2002,9.75
2003,9.85
2004,9.02
2005,9.58
2006,9.15
2007,8.82
2008,8.53
2009,7.61
2010,7.42
2011,7.38
2012,7.59
2013,7.26
2014,7.39
2015,7.12
2016,6.41
2017,7.04
2018,7.09
2019,6.22
2020,6.56
2000,20.7
2001,21.36
2002,23.71
2003,24.58
2004,21.19
2005,22.56
2006,23.52
2007,18.67
2008,18.52
2009,19.56
2010,20.95
2011,21.24
2012,19.49
2013,19.13
2014,18.56
2015,18
2016,17.18
2017,17.14
2018,17.56
2019,14.42
2020,14.29
2000,15.64
2001,13.29
2002,14.47
2003,16.02
2004,13.28
2005,14.12
2006,15.03
2007,14.02
2008,11.9
2009,12.22
2010,12.83
2011,13.36
2012,10.82
2013,10.41
2014,10.81
2015,10.24
2016,9.24
2017,10.09
2018,10.33
2019,9.59
2020,9.05
2000,8.15
2001,7.53
2002,7.55
2003,8.1
2004,7.34
2005,7.67
2006,8.47
2007,7.32
2008,6.95
2009,7
2010,6.97
2011,6.99
2012,6.34
2013,5.96
2014,6.23
2015,5.71
2016,5.36
2017,5.2
2018,5.57
2019,5.45
2020,4.96
2000,15.97
2001,15.35
2002,14.98
2003,16.64
2004,14.43
2005,14.76
2006,15.57
2007,14.8
2008,13.58
2009,13.95
2010,13.27
2011,13.65
2012,12.46
2013,12.35
2014,10.64
2015,11.29
2016,10.49
2017,10.45
2018,10.47
2019,9.83
2020,9.61
2000,18.34
2001,17.25
2002,17.89
2003,18.57
2004,16.41
2005,16.74
2006,17.55
2007,16.2
2008,15.28
2009,15.4
2010,16.46
2011,15.89
2012,14.06
2013,13.81
2014,12.42
2015,12.96
2016,11.91
2017,12.03
2018,11.78
2019,10.75
2020,10.4
2000,24.52
2001,22.86
2002,23.65
2003,24.88
2004,21.86
2005,22.65
2006,23.35
2007,22.61
2008,21.82
2009,21
2010,20.43
2011,21.5
2012,18.92
2013,18.07
2014,16.97
2015,17.38
2016,15.88
2017,15.77
2018,15.69
2019,15.05
2020,14.52
2000,20.79
2001,20.64
2002,23.42
2003,24.72
2004,21.19
2005,22.13
2006,23.51
2007,18.66
2008,18.47
2009,19.3
2010,20.87
2011,21.46
2012,19.06
2013,17.98
2014,18.07
2015,18.11
2016,16.35
2017,17.14
2018,17.62
2019,14.73
2020,14.22
2000,8.22
2001,7.81
2002,8.32
2003,8.77
2004,8.17
2005,7.87
2006,8.05
2007,7.69
2008,7.57
2009,7.53
2010,6.83
2011,7.41
2012,6.75
2013,6.6
2014,6.4
2015,6.34
2016,5.84
2017,6.49
2018,6.17
2019,6.12
2020,5.64
2000,12.48
2001,11.56
2002,11.82
2003,14.2
2004,10.79
2005,11.8
2006,12.02
2007,11.85
2008,10.82
2009,10.64
2010,9.68
2011,10.5
2012,9.55
2013,9.16
2014,8.81
2015,8.78
2016,8.08
2017,8.35
2018,8.27
2019,7.86
2020,8.13
2000,25.79
2001,22.36
2002,23.58
2003,25.09
2004,22.41
2005,22.98
2006,23.09
2007,21.87
2008,20.53
2009,20.85
2010,19.58
2011,21.02
2012,18.49
2013,17.78
2014,16.66
2015,17.5
2016,15.48
2017,15.72
2018,16.07
2019,14.66
2020,14.42
2000,13.3
2001,12.91
2002,12.82
2003,12.53
2004,12.34
2005,12.45
2006,12.52
2007,12.39
2008,12.52
2009,11.7
2010,10.94
2011,12.4
2012,12.94
2013,13.39
2014,13.88
2015,12.99
2016,12.92
2017,13.25
2018,13.2
2019,13.06
2020,12.95
2000,25.4
2001,24.95
2002,25.05
2003,24.81
2004,24.18
2005,24.42
2006,24.66
2007,24.55
2008,24.56
2009,23.59
2010,21.15
2011,24.83
2012,25.52
2013,27.42
2014,28.31
2015,26.22
2016,26.6
2017,25.94
2018,25.88
2019,25.94
2020,25.85
2000,14.23
2001,13.61
2002,13.68
2003,14.96
2004,13.27
2005,13.51
2006,14.13
2007,13.08
2008,12.35
2009,12.39
2010,12.01
2011,12.7
2012,11.36
2013,11.69
2014,9.98
2015,10.37
2016,9.59
2017,9.59
2018,9.28
2019,8.46
2020,8.67
2000,30.7
2001,24.93
2002,25.6
2003,25.79
2004,22.95
2005,23.31
2006,24.14
2007,23.69
2008,21.77
2009,20.4
2010,18.34
2011,22.39
2012,20.08
2013,20.8
2014,19.61
2015,19.43
2016,18.8
2017,18.28
2018,16.66
2019,14.72
2020,15.05
2000,19.15
2001,17.35
2002,18.03
2003,19.63
2004,17.65
2005,17.34
2006,18.25
2007,16.93
2008,15.99
2009,15.69
2010,15.95
2011,16.16
2012,14.36
2013,13.29
2014,12.61
2015,13.13
2016,11.96
2017,12.71
2018,12.07
2019,11.36
2020,10.88
2000,6.91
2001,6.98
2002,6.69
2003,6.6
2004,6.5
2005,6.51
2006,6.45
2007,6.5
2008,6.55
2009,6.75
2010,6.62
2011,6.74
2012,6.77
2013,6.78
2014,6.59
2015,6.57
2016,6.63
2017,6.83
2018,7.21
2019,7.42
2020,6.49
2000,10.41
2001,9.06
2002,9.34
2003,10.12
2004,8.69
2005,8.58
2006,9.92
2007,8.49
2008,8.17
2009,8.38
2010,7.45
2011,8.63
2012,7.28
2013,7.01
2014,7.06
2015,6.74
2016,6.21
2017,6.5
2018,6.65
2019,6.33
2020,6.02
2000,25.83
2001,25.8
2002,29.95
2003,30.67
2004,26.59
2005,27.81
2006,29.99
2007,24.37
2008,23.38
2009,24.49
2010,26.98
2011,26.59
2012,24.17
2013,23.23
2014,23.48
2015,22.46
2016,21.29
2017,22.32
2018,22.48
2019,18.83
2020,18.02
2000,13.69
2001,13.12
2002,13.09
2003,13.93
2004,12.41
2005,12.71
2006,13.31
2007,12.72
2008,11.02
2009,11.08
2010,10.56
2011,11.28
2012,9.91
2013,9.59
2014,9.31
2015,9.48
2016,8.66
2017,9.09
2018,8.85
2019,7.85
2020,8.3
2000,21.5
2001,21.84
2002,24.75
2003,25.79
2004,22.37
2005,23.5
2006,24.87
2007,19.91
2008,19.63
2009,20.49
2010,21.53
2011,22.68
2012,20.46
2013,19.69
2014,19.37
2015,19.29
2016,17.98
2017,18.29
2018,18.78
2019,15.92
2020,15.46
2000,16.35
2001,15.31
2002,15.46
2003,15.86
2004,14.73
2005,14.73
2006,15.39
2007,14.78
2008,13.23
2009,13.35
2010,12.18
2011,13.66
2012,12.26
2013,11.46
2014,10.79
2015,11.48
2016,10.53
2017,10.65
2018,10.38
2019,9.55
2020,9.77
2000,9.83
2001,8.24
2002,8.63
2003,9.56
2004,8.17
2005,8.55
2006,9.51
2007,8.34
2008,7.68
2009,7.77
2010,7.69
2011,8.03
2012,6.7
2013,6.65
2014,6.86
2015,6.39
2016,5.77
2017,6.14
2018,6.36
2019,6.13
2020,5.7
2000,16.48
2001,15.68
2002,15.26
2003,16.55
2004,14.02
2005,14.49
2006,15.48
2007,13.88
2008,13.55
2009,14.36
2010,12.79
2011,14
2012,12.82
2013,12.58
2014,10.73
2015,11.84
2016,10.76
2017,10.02
2018,10.25
2019,9.55
2020,9.16
2000,23.5
2001,23.73
2002,24.77
2003,22.82
2004,22.93
2005,22.46
2006,23.52
2007,23.8
2008,25.5
2009,24.56
2010,24.02
2011,24.76
2012,24.28
2013,24.59
2014,24.57
2015,25.62
2016,24.91
2017,23.09
2018,23.82
2019,24.74
2020,22.55
2000,16.02
2001,14.17
2002,14.65
2003,17.28
2004,13.94
2005,14.4
2006,14.45
2007,14.14
2008,13.69
2009,12.74
2010,12.03
2011,12.95
2012,11.44
2013,11.34
2014,10.75
2015,10.42
2016,9.98
2017,10.32
2018,10.18
2019,9.88
2020,9.84
2000,12.78
2001,12.13
2002,12.03
2003,11.74
2004,11.1
2005,11.77
2006,11.04
2007,11.33
2008,10.39
2009,9.37
2010,8.92
2011,9.39
2012,9.03
2013,8.77
2014,8.53
2015,8.21
2016,7.43
2017,7.81
2018,7.84
2019,7.2
2020,7.84
2000,65.77
2001,66.24
2002,66.06
2003,65.42
2004,63.95
2005,64.22
2006,66.08
2007,65.4
2008,64.3
2009,65.16
2010,43.75
2011,62.73
2012,71.97
2013,74.25
2014,78.29
2015,74.63
2016,73.91
2017,66.9
2018,68.27
2019,59.23
2020,46.82
2000,22.14
2001,21.05
2002,23.49
2003,25.82
2004,22.66
2005,22.58
2006,23.46
2007,21.05
2008,20.34
2009,20.82
2010,21.22
2011,22.65
2012,20.82
2013,19.28
2014,19.24
2015,19.01
2016,17.48
2017,18.42
2018,18.9
2019,15.57
2020,15.55
2000,28.42
2001,26.41
2002,27.42
2003,26.05
2004,26.1
2005,26.82
2006,25.63
2007,26.66
2008,26.46
2009,23.28
2010,22.72
2011,23.68
2012,24.5
2013,22.47
2014,24.17
2015,25.68
2016,25.6
2017,24.79
2018,24.93
2019,24.36
2020,25.6
2000,6.76
2001,7
2002,6.95
2003,6.96
2004,6.39
2005,6.62
2006,6.65
2007,6.31
2008,6.01
2009,5.82
2010,6.17
2011,5.77
2012,5.87
2013,6.02
2014,6.36
2015,6.32
2016,6.9
2017,6.9
2018,6.96
2019,6.7
2020,6.69
2000,17.24
2001,16.4
2002,16.32
2003,16.6
2004,15.21
2005,15.34
2006,15.47
2007,15.09
2008,13.43
2009,14.56
2010,12.73
2011,14.2
2012,12.92
2013,11.86
2014,10.99
2015,11.7
2016,10.64
2017,10.55
2018,10.43
2019,9.51
2020,9.58
2000,23.57
2001,24.27
2002,23.83
2003,23.61
2004,23.56
2005,24.41
2006,22.84
2007,23.89
2008,23.62
2009,24.04
2010,21.32
2011,24.64
2012,24.81
2013,24.95
2014,24.23
2015,25.26
2016,25.36
2017,23.98
2018,24.2
2019,24.4
2020,24.73
2000,8.82
2001,8.73
2002,8.53
2003,7.82
2004,7.22
2005,7.5
2006,7.69
2007,7.98
2008,7
2009,6.91
2010,7.09
2011,6.84
2012,7.55
2013,7.36
2014,7.23
2015,7.89
2016,8.25
2017,8.42
2018,7.89
2019,7.71
2020,8.38
2000,18.99
2001,18.47
2002,18.84
2003,17.66
2004,17.25
2005,17.47
2006,17.39
2007,18.43
2008,17.25
2009,17.4
2010,16.75
2011,17.29
2012,17.64
2013,18.14
2014,18.21
2015,19.86
2016,19.99
2017,19.09
2018,18.99
2019,19.13
2020,19.77
2000,17.79
2001,17.72
2002,17.68
2003,18.41
2004,17.21
2005,16.37
2006,17.08
2007,17.6
2008,16.18
2009,15.02
2010,13.55
2011,14.55
2012,13.66
2013,15.11
2014,14.26
2015,14.95
2016,14.59
2017,14.29
2018,14.5
2019,14.72
2020,15.23
2000,27.93
2001,28.94
2002,28.43
2003,28.76
2004,28.27
2005,28.39
2006,28.09
2007,28.64
2008,30.15
2009,32.54
2010,35.26
2011,42.5
2012,44.01
2013,41.73
2014,39.29
2015,38.77
2016,36.44
2017,34.56
2018,34.73
2019,33.16
2020,31.01
2000,9.36
2001,10.17
2002,9.56
2003,9
2004,8.05
2005,8.47
2006,8.51
2007,9.03
2008,8.06
2009,8.16
2010,8.14
2011,8.12
2012,8.53
2013,8.42
2014,8.72
2015,9.01
2016,9.7
2017,9.72
2018,9.1
2019,9.11
2020,9.41
2000,20.19
2001,19.99
2002,20.09
2003,19.84
2004,19.33
2005,19.66
2006,19.67
2007,19.53
2008,20.77
2009,22.22
2010,22.36
2011,28.01
2012,29.81
2013,28.85
2014,27.03
2015,25.77
2016,24.89
2017,23.79
2018,23.78
2019,22.55
2020,22.2
2000,19.11
2001,18.64
2002,18.44
2003,18.12
2004,17.42
2005,17.52
2006,18.23
2007,17.39
2008,16.88
2009,17.51
2010,15.62
2011,17.14
2012,17.48
2013,17.22
2014,17.97
2015,18.53
2016,17.91
2017,17.85
2018,18.04
2019,18.01
2020,18.41
2000,66.53
2001,63.81
2002,58.76
2003,79.2
2004,72.07
2005,73.68
2006,66.54
2007,70.07
2008,77.1
2009,67.36
2010,51.09
2011,64.99
2012,68.06
2013,66.14
2014,57.38
2015,69.53
2016,62.66
2017,59.71
2018,70.01
2019,58.25
2020,56.74
2000,53.26
2001,54.05
2002,54.12
2003,54.12
2004,53.19
2005,54.76
2006,55.97
2007,55.72
2008,54.01
2009,56.87
2010,39.63
2011,52.37
2012,65.22
2013,64.42
2014,68.39
2015,64.17
2016,63.71
2017,58.32
2018,59.47
2019,50.3
2020,42.28
2000,22.91
2001,22.31
2002,22.69
2003,21.72
2004,20.68
2005,20.78
2006,20.74
2007,22.46
2008,20.39
2009,21.04
2010,20.52
2011,20.49
2012,20.93
2013,21.53
2014,22.12
2015,23.89
2016,24.12
2017,23.02
2018,23
2019,23.06
2020,23.46
2000,28.17
2001,27.26
2002,30.65
2003,24.35
2004,23.06
2005,22.04
2006,21.66
2007,20.01
2008,19.13
2009,20.02
2010,21.55
2011,18.94
2012,18.31
2013,19.24
2014,19.67
2015,17.83
2016,16.05
2017,15.98
2018,17.2
2019,15.81
2020,14.79
2000,23.99
2001,22.5
2002,22.82
2003,23.61
2004,20.69
2005,21.9
2006,21.37
2007,22.35
2008,21.1
2009,21.39
2010,17.9
2011,22.03
2012,21
2013,23.53
2014,23.63
2015,24.27
2016,22.47
2017,23.01
2018,23.57
2019,22.94
2020,25.18
2000,60.39
2001,48.22
2002,50.64
2003,42.88
2004,53.34
2005,44.26
2006,46.55
2007,56.42
2008,56.88
2009,45.55
2010,39.34
2011,47.21
2012,51.35
2013,42.01
2014,41.78
2015,66.26
2016,58.97
2017,57.9
2018,53.6
2019,46.35
2020,50.8
2000,9.29
2001,9.37
2002,8.56
2003,8.72
2004,7.9
2005,8.23
2006,8.33
2007,8.05
2008,7.16
2009,6.9
2010,7.26
2011,6.91
2012,6.97
2013,6.61
2014,7.05
2015,6.97
2016,7.54
2017,7.67
2018,7.39
2019,7.2
2020,7.33
2000,33.36
2001,33.58
2002,33.49
2003,34.31
2004,34.21
2005,34.65
2006,35.06
2007,34.69
2008,33.83
2009,34.69
2010,23.71
2011,30.73
2012,38.36
2013,37.59
2014,40.47
2015,37.53
2016,37.05
2017,33.98
2018,34.12
2019,30.05
2020,23.96
2000,64.46
2001,61.73
2002,64.08
2003,58.52
2004,60.4
2005,59.64
2006,53.34
2007,52.78
2008,40.99
2009,36.24
2010,28.95
2011,28.02
2012,28.85
2013,26.8
2014,27.66
2015,28.16
2016,28.78
2017,27.17
2018,25.88
2019,25.08
2020,23.39
2000,37.71
2001,37.16
2002,41.08
2003,44.17
2004,39.1
2005,40
2006,41.55
2007,34.01
2008,34.01
2009,35.56
2010,36.09
2011,40.39
2012,36.35
2013,34.54
2014,33.27
2015,34.61
2016,31.06
2017,31.61
2018,33.2
2019,27.27
2020,27.16
2000,20.02
2001,22.84
2002,21.19
2003,20.18
2004,19.34
2005,20.96
2006,19.55
2007,19.76
2008,21.66
2009,21.59
2010,21.1
2011,23.21
2012,23.23
2013,21.76
2014,21.74
2015,22.58
2016,21.76
2017,20.55
2018,20.35
2019,19.59
2020,19.36
2000,15.54
2001,15.56
2002,15.1
2003,15.45
2004,15.34
2005,15.33
2006,15.23
2007,15.09
2008,15.23
2009,14.88
2010,14.13
2011,15.5
2012,14.56
2013,13.85
2014,13.75
2015,12.37
2016,12.07
2017,12.18
2018,12.21
2019,12.31
2020,12.14
2000,8.89
2001,8.63
2002,8.58
2003,7.94
2004,7.21
2005,7.54
2006,7.81
2007,8
2008,7.01
2009,7.04
2010,6.77
2011,6.76
2012,7.61
2013,7.34
2014,7.3
2015,7.93
2016,8.14
2017,8.48
2018,7.9
2019,7.9
2020,8.51
2000,7.16
2001,7.07
2002,7.72
2003,7.33
2004,7.5
2005,7.18
2006,7.67
2007,7.12
2008,6.94
2009,7.25
2010,5.84
2011,7.23
2012,7.65
2013,7.82
2014,8.05
2015,7.78
2016,7.73
2017,7.25
2018,7.51
2019,7.98
2020,7.62
2000,25.52
2001,25.23
2002,27.83
2003,29.47
2004,25.58
2005,26.14
2006,27.44
2007,22.48
2008,23.14
2009,23.16
2010,24.31
2011,26.74
2012,23.53
2013,21.91
2014,22.42
2015,21.19
2016,20.38
2017,20.43
2018,20.12
2019,17.89
2020,17.49
2000,62.3
2001,55.22
2002,60.2
2003,50.13
2004,71.63
2005,61.54
2006,55.41
2007,70.59
2008,64.01
2009,57.08
2010,51.73
2011,55.46
2012,61.62
2013,48.51
2014,49.83
2015,71.65
2016,66
2017,60.23
2018,58
2019,50.62
2020,58.41
2000,30.4
2001,30.05
2002,28.97
2003,28.91
2004,30.2
2005,29.35
2006,28.88
2007,30.03
2008,29.36
2009,28.85
2010,25.6
2011,30.52
2012,30.66
2013,29.8
2014,31.25
2015,30.16
2016,30.81
2017,29.34
2018,28.37
2019,28.78
2020,29.66
2000,29.87
2001,29.15
2002,29.72
2003,29
2004,30.53
2005,30.1
2006,30.21
2007,30.42
2008,29.79
2009,27.83
2010,23.13
2011,21.78
2012,23.1
2013,25.89
2014,22.2
2015,21.68
2016,22.47
2017,20.78
2018,23.04
2019,22.97
2020,24.13
2000,47.08
2001,39.19
2002,41.69
2003,39.89
2004,44.02
2005,41.21
2006,39.36
2007,42.56
2008,41.66
2009,40.42
2010,35.79
2011,39.58
2012,42.85
2013,37.99
2014,38.02
2015,53.11
2016,45.89
2017,44.2
2018,41.82
2019,41.6
2020,40.8
2000,43.71
2001,32.07
2002,35.06
2003,30.4
2004,32.9
2005,32.91
2006,28.27
2007,43.22
2008,40.95
2009,24.98
2010,21.49
2011,38.85
2012,47.08
2013,33.63
2014,28.94
2015,47.68
2016,39.83
2017,49.89
2018,29.34
2019,36.41
2020,39.18
2000,10.02
2001,10.22
2002,9.82
2003,10.03
2004,8.74
2005,8.9
2006,9.63
2007,9.27
2008,8.36
2009,8.64
2010,7.31
2011,8.13
2012,8.63
2013,8.86
2014,9.34
2015,9.32
2016,8.68
2017,9.15
2018,9.55
2019,8.85
2020,9.63
2000,34.72
2001,32.98
2002,32.97
2003,32.07
2004,37.18
2005,33.01
2006,33.08
2007,35.72
2008,35.85
2009,35.15
2010,31.22
2011,35.37
2012,36.83
2013,34.36
2014,32.55
2015,39.28
2016,35.2
2017,34.62
2018,32.64
2019,35.47
2020,34.99
2000,56.73
2001,50.12
2002,52.69
2003,52.67
2004,56.93
2005,54.92
2006,52.34
2007,54.9
2008,51.97
2009,57.71
2010,45.8
2011,54.04
2012,57.12
2013,50.13
2014,46.74
2015,64.4
2016,58
2017,56.02
2018,53.95
2019,51.53
2020,48.58
2000,28.97
2001,28.8
2002,28.63
2003,28.79
2004,27.53
2005,27.08
2006,27.45
2007,27.27
2008,26.07
2009,24.25
2010,21.65
2011,23.71
2012,22.72
2013,24.62
2014,23.87
2015,25.14
2016,25.09
2017,24.27
2018,23.92
2019,23.6
2020,24.19
2000,50.33
2001,50.86
2002,51.52
2003,51.91
2004,50.51
2005,51.5
2006,52.32
2007,52.03
2008,51.62
2009,53.89
2010,46.27
2011,51.36
2012,48.13
2013,58.48
2014,54.59
2015,50.84
2016,46.85
2017,45.86
2018,40.29
2019,37.58
2020,34.84
2000,25.47
2001,21.89
2002,22.38
2003,23.45
2004,21.29
2005,21.19
2006,22.67
2007,22.04
2008,20.51
2009,18.19
2010,18.2
2011,20.7
2012,18.25
2013,19.04
2014,18.44
2015,17.72
2016,17.43
2017,17.37
2018,16.13
2019,14.58
2020,14.23
2000,11.87
2001,12.87
2002,11.77
2003,12.17
2004,11.59
2005,11.76
2006,11.45
2007,12.2
2008,10.52
2009,11.57
2010,10.04
2011,12.08
2012,11.43
2013,12.11
2014,11.2
2015,11.68
2016,11.98
2017,10.68
2018,11.43
2019,10.26
2020,11.68
2000,28.34
2001,29.3
2002,28.45
2003,29.1
2004,30.23
2005,29.35
2006,28.95
2007,29.98
2008,30.49
2009,28.97
2010,25.07
2011,28.78
2012,29.51
2013,29.2
2014,28.79
2015,31.54
2016,29.21
2017,29.49
2018,29.08
2019,29.62
2020,29.76
2000,6.42
2001,6.76
2002,6.74
2003,6.64
2004,6.28
2005,6.33
2006,6.42
2007,6.29
2008,5.81
2009,5.67
2010,5.59
2011,5.55
2012,5.87
2013,5.87
2014,6.01
2015,6.02
2016,6.42
2017,6.72
2018,6.78
2019,6.5
2020,6.47
2000,21.39
2001,20.7
2002,20.98
2003,21.14
2004,19.53
2005,20.09
2006,21.3
2007,21.24
2008,19.17
2009,17.8
2010,16.54
2011,19.44
2012,17.95
2013,18.5
2014,17.57
2015,17.68
2016,16.91
2017,17.18
2018,15.13
2019,13.38
2020,14.3
2000,53.04
2001,40.43
2002,48.05
2003,40.56
2004,59.59
2005,48.11
2006,42.68
2007,55.75
2008,55.42
2009,43.69
2010,37.94
2011,49.83
2012,51.7
2013,40.29
2014,39.07
2015,62.25
2016,55.83
2017,51.02
2018,51.22
2019,44.6
2020,49.88
2000,22.45
2001,22.2
2002,25.52
2003,27.17
2004,23.36
2005,24.57
2006,25.78
2007,20.43
2008,20.33
2009,21.18
2010,21.69
2011,23.41
2012,20.74
2013,20.08
2014,19.68
2015,19.99
2016,18.05
2017,18.62
2018,19.85
2019,15.82
2020,16.04
2000,21.62
2001,21.17
2002,21.27
2003,20.73
2004,19.8
2005,19.56
2006,19.83
2007,20.05
2008,19.81
2009,20.4
2010,18.93
2011,19.85
2012,19.8
2013,20.09
2014,20.95
2015,21.59
2016,19.92
2017,20.31
2018,21.1
2019,20.52
2020,21.44
2000,20.59
2001,20.34
2002,20.19
2003,21.27
2004,19.52
2005,19.79
2006,23.06
2007,20.24
2008,20.03
2009,18.4
2010,17.57
2011,18.75
2012,17.09
2013,16.44
2014,16.32
2015,17.14
2016,14.66
2017,15.29
2018,15.43
2019,15.18
2020,13.69
2000,41.23
2001,42.45
2002,41.08
2003,43.31
2004,41.39
2005,41.45
2006,41.78
2007,41.11
2008,41.03
2009,44.35
2010,35.26
2011,39.67
2012,38.11
2013,46.73
2014,44.83
2015,43.12
2016,39.2
2017,39.75
2018,34.74
2019,31.6
2020,30.39
2000,26.09
2001,26.79
2002,26.47
2003,26.33
2004,27.77
2005,26.92
2006,26.63
2007,27.92
2008,27.44
2009,26.46
2010,22.86
2011,26.74
2012,26.84
2013,26.27
2014,27.06
2015,28.62
2016,26.93
2017,27.05
2018,26.96
2019,26.57
2020,26.9
2000,44.61
2001,42.98
2002,42.7
2003,39
2004,39.85
2005,39.36
2006,37.73
2007,38.47
2008,43.99
2009,43.52
2010,38.78
2011,46.07
2012,51.45
2013,49.25
2014,44.08
2015,46.59
2016,45.81
2017,45.52
2018,44.66
2019,40.73
2020,37.01
2000,19.89
2001,19.4
2002,19.73
2003,18.75
2004,18.09
2005,18.28
2006,18.1
2007,19.39
2008,17.97
2009,18.24
2010,18
2011,17.94
2012,18.47
2013,18.92
2014,19.15
2015,20.87
2016,20.86
2017,20.02
2018,20.15
2019,19.88
2020,20.5
2000,19.46
2001,18.4
2002,18.84
2003,18.69
2004,17.21
2005,18.49
2006,18.21
2007,18.62
2008,17.64
2009,17.89
2010,16.75
2011,17.77
2012,17.98
2013,18
2014,19.29
2015,20.33
2016,19.6
2017,19.48
2018,19.94
2019,19.86
2020,20.21
2000,44.5
2001,45.1
2002,45.25
2003,45.02
2004,44.74
2005,44.04
2006,40.83
2007,38.63
2008,31.81
2009,26.65
2010,20.82
2011,20.28
2012,21.56
2013,20.55
2014,20.93
2015,20.82
2016,21.43
2017,19.89
2018,18.94
2019,18.31
2020,17.22
2000,60.03
2001,61.27
2002,64.67
2003,75.97
2004,70.99
2005,61.89
2006,67.46
2007,64.65
2008,61.22
2009,69.71
2010,70.07
2011,62.06
2012,61.73
2013,70.16
2014,66.14
2015,67.6
2016,61.45
2017,58.91
2018,65.42
2019,67.76
2020,54.75
2000,32.89
2001,28.86
2002,28.8
2003,29.73
2004,26.29
2005,27.72
2006,28.56
2007,29.05
2008,26.58
2009,24.31
2010,23.43
2011,27.57
2012,24.27
2013,25.82
2014,23.58
2015,23.96
2016,22.76
2017,22.12
2018,21.09
2019,18.27
2020,20.04
2000,38.45
2001,32.4
2002,33.45
2003,31
2004,34.13
2005,32
2006,27.47
2007,33.66
2008,33.76
2009,29.24
2010,27.21
2011,32.35
2012,31.51
2013,30.7
2014,31.24
2015,40.71
2016,38.03
2017,34.35
2018,32.65
2019,32.98
2020,36.88
2000,43.74
2001,38.42
2002,38.44
2003,38.32
2004,37.58
2005,40.5
2006,35.91
2007,35.34
2008,39.13
2009,39.84
2010,36.73
2011,41.4
2012,43.41
2013,44.39
2014,36.56
2015,41.8
2016,40.3
2017,41.99
2018,42.21
2019,37.01
2020,32.68
2000,12.04
2001,11.51
2002,12.77
2003,10.83
2004,9.96
2005,9.73
2006,9.62
2007,8.5
2008,8.34
2009,8.42
2010,9.44
2011,8.4
2012,8.12
2013,8.22
2014,8.91
2015,7.34
2016,7.03
2017,6.29
2018,7.96
2019,7.02
2020,6.3
2000,27.36
2001,30.47
2002,29.53
2003,27.4
2004,27.55
2005,27.78
2006,28.52
2007,28.59
2008,29.83
2009,29.55
2010,27.34
2011,31.46
2012,32.67
2013,32.24
2014,29.76
2015,31.47
2016,31
2017,30.45
2018,30.31
2019,28.78
2020,27.35
2000,7.57
2001,7.96
2002,7.91
2003,8.23
2004,7.07
2005,6.8
2006,7.27
2007,6.53
2008,6.53
2009,6.39
2010,6.18
2011,6.23
2012,5.94
2013,6.56
2014,7.13
2015,6.61
2016,6.75
2017,7.73
2018,7.52
2019,7.2
2020,6.94
2000,6.509
2005,6.435
2010,6.528
2011,6.378
2012,6.491
2013,6.163
2014,6.583
2015,6.611
2016,7.038
2017,7.042
2018,7.045
2019,7.024
2000,11.21
2001,11.18
2002,11.13
2003,11.27
2004,10.63
2005,10.93
2006,10.95
2007,11.15
2008,10.91
2009,10.68
2010,10.3
2011,10.72
2012,10.89
2013,10.86
2014,10.44
2015,10.26
2016,10.59
2017,10.57
2018,10.94
2019,11.08
2020,10.66
2000,7.04
2001,7.36
2002,7.36
2003,7.09
2004,6.68
2005,7
2006,6.92
2007,6.74
2008,6.29
2009,5.99
2010,6.18
2011,6.11
2012,5.95
2013,6.15
2014,6.35
2015,6.44
2016,6.77
2017,7.19
2018,7.15
2019,6.76
2020,6.84
2000,29.39
2001,27.89
2002,28.41
2003,27.62
2004,28.24
2005,28.06
2006,25.56
2007,27.41
2008,28.47
2009,26.51
2010,24.88
2011,28.09
2012,27.63
2013,28.71
2014,27.1
2015,32.04
2016,31.13
2017,28.01
2018,27.86
2019,28.31
2020,31.5
2000,61
2001,50.31
2002,58.41
2003,56.52
2004,58.74
2005,53.19
2006,52.66
2007,63.18
2008,63.53
2009,51.01
2010,46.12
2011,56.31
2012,66.55
2013,47.82
2014,51.1
2015,63.75
2016,58.95
2017,64.64
2018,59.41
2019,55.09
2020,58.55
2000,16.04
2001,16.22
2002,15.7
2003,15.49
2004,15.55
2005,15.61
2006,15.66
2007,15.85
2008,16.17
2009,17.44
2010,20.09
2011,22.78
2012,23.69
2013,22.85
2014,21.53
2015,20.87
2016,19.8
2017,18.97
2018,18.83
2019,17.97
2020,17.33
2000,63.65
2001,47.16
2002,55.51
2003,46.46
2004,63.79
2005,49.78
2006,46.31
2007,62.06
2008,62.73
2009,49.4
2010,43.16
2011,53.37
2012,57.42
2013,45.11
2014,44.33
2015,68.49
2016,63.29
2017,60.9
2018,56.59
2019,50.03
2020,54.66
2000,17.575
2005,16.122
2010,15.333
2011,16.277
2012,14.726
2013,13.661
2014,12.717
2015,14.228
2016,12.864
2017,13.317
2018,13.187
2019,13.193
2000,5.82
2001,6.05
2002,5.92
2003,6
2004,5.62
2005,5.63
2006,5.68
2007,5.35
2008,5.37
2009,4.89
2010,5.19
2011,4.92
2012,5.29
2013,5.37
2014,5.65
2015,5.33
2016,5.58
2017,6.54
2018,5.88
2019,5.71
2020,5.74
2000,23.78
2001,23.13
2002,23.71
2003,22.45
2004,21.58
2005,21.51
2006,21.49
2007,23.27
2008,21.23
2009,21.88
2010,21.37
2011,21.39
2012,21.83
2013,22.63
2014,23.09
2015,24.91
2016,24.83
2017,24.06
2018,23.85
2019,24.01
2020,24.41
2000,9.18
2001,9.62
2002,11.15
2003,9.37
2004,10.02
2005,8.36
2006,9.65
2007,7.97
2008,7.45
2009,8.37
2010,7.53
2011,7.36
2012,7.48
2013,8.58
2014,8.13
2015,10.75
2016,8.92
2017,8.59
2018,9.98
2019,9.86
2020,9.54
2000,37.79
2001,33.22
2002,33.23
2003,34.23
2004,29.62
2005,30.82
2006,32.47
2007,32.15
2008,29.02
2009,27.71
2010,24.29
2011,30.49
2012,27.49
2013,29.27
2014,26.91
2015,27.59
2016,25.37
2017,25.39
2018,23.43
2019,20.39
2020,21.82
2000,46.82
2001,40.21
2002,42.84
2003,41.04
2004,49.8
2005,44.39
2006,40.67
2007,51.34
2008,49.74
2009,41.28
2010,39.76
2011,46.13
2012,48.16
2013,37.75
2014,40.08
2015,54.59
2016,49.93
2017,50.03
2018,48.65
2019,43.11
2020,44.19
2000,55.03
2001,45.39
2002,50.01
2003,47.79
2004,53.17
2005,48.21
2006,45.59
2007,57.67
2008,57.59
2009,45.52
2010,44.43
2011,50.79
2012,55.65
2013,41.39
2014,43.29
2015,56.66
2016,52.67
2017,56.58
2018,53.97
2019,48.25
2020,50.07
2000,28.53
2001,24.75
2002,24.55
2003,25.01
2004,23.3
2005,24.5
2006,25.02
2007,26.92
2008,24.44
2009,23.47
2010,23.97
2011,23.41
2012,24.37
2013,24.24
2014,24.58
2015,26.16
2016,25.71
2017,25.58
2018,26.25
2019,26.65
2020,25.87
2000,20.44
2001,19.53
2002,19.74
2003,19.96
2004,18.42
2005,19.4
2006,19.55
2007,19.94
2008,19.32
2009,19.43
2010,17.74
2011,19.07
2012,19.26
2013,19.6
2014,20.98
2015,21.75
2016,20.76
2017,20.93
2018,21.76
2019,21.15
2020,21.57
2000,25.84
2001,23.95
2002,25.55
2003,27.06
2004,23.84
2005,24.73
2006,24.75
2007,23.99
2008,22.55
2009,22.77
2010,20.51
2011,22.63
2012,19.79
2013,18.92
2014,17.74
2015,18.64
2016,16.55
2017,16.83
2018,17.02
2019,15.58
2020,15.61
2000,31.31
2001,28.75
2002,29.41
2003,30.69
2004,25.97
2005,27.85
2006,28.38
2007,28.77
2008,26.31
2009,24.71
2010,21.91
2011,27.64
2012,24.28
2013,26.29
2014,24.26
2015,24.77
2016,22.97
2017,22.13
2018,20.59
2019,18.21
2020,20.37
2000,26.33
2001,26.61
2002,26.26
2003,27.07
2004,27.24
2005,27.69
2006,26.97
2007,27.29
2008,27.11
2009,28.65
2010,22.95
2011,25.94
2012,23.99
2013,28.81
2014,27.59
2015,25.56
2016,23.57
2017,23.62
2018,20.44
2019,19.37
2020,17.77
2000,61.66
2001,62.87
2002,63.12
2003,64.55
2004,62.47
2005,62.99
2006,64.31
2007,65.05
2008,63.91
2009,65.18
2010,47
2011,61.95
2012,74.29
2013,76.53
2014,79.33
2015,74.08
2016,75.95
2017,67.39
2018,68.12
2019,59.84
2020,48.3
2000,26.61
2001,25.85
2002,25.69
2003,24.36
2004,25.12
2005,24.72
2006,25.54
2007,24.58
2008,24.64
2009,23.17
2010,19.63
2011,18.13
2012,19.8
2013,20.36
2014,18.75
2015,18.87
2016,19.38
2017,17.2
2018,18.69
2019,19.65
2020,18.07
2000,37.67
2001,37.35
2002,36.51
2003,40.51
2004,36.4
2005,36.28
2006,36.74
2007,37.61
2008,43.11
2009,42.18
2010,37.62
2011,41.12
2012,39.57
2013,40.36
2014,37.86
2015,40.32
2016,38.96
2017,36.42
2018,39.17
2019,35.37
2020,33.67
2000,43.14
2001,38.89
2002,39.68
2003,42.6
2004,39.94
2005,43.05
2006,42.23
2007,45.01
2008,50.69
2009,47.85
2010,43.47
2011,45.25
2012,44.41
2013,43.64
2014,38.66
2015,45.49
2016,43.21
2017,40.8
2018,42.58
2019,38.73
2020,39.22
2000,25.17
2001,24.57
2002,25.22
2003,27.26
2004,25.36
2005,24.79
2006,26.19
2007,25.48
2008,24.36
2009,23.85
2010,22.44
2011,24.39
2012,22.09
2013,22.59
2014,21.26
2015,22.19
2016,18.89
2017,20.02
2018,20.58
2019,19.63
2020,18.73
2000,16.57
2001,16.04
2002,16.7
2003,17.09
2004,16.2
2005,16.86
2006,16.81
2007,16.92
2008,16.78
2009,16.24
2010,16.06
2011,15.75
2012,16.26
2013,16.63
2014,17.34
2015,17.74
2016,16.8
2017,17.58
2018,17.72
2019,18.02
2020,18.4
2000,24.07
2001,26.91
2002,28.29
2003,33.33
2004,31.59
2005,29.26
2006,29.65
2007,30.02
2008,30.69
2009,30.96
2010,29.12
2011,29.4
2012,28.75
2013,32.38
2014,29.98
2015,31.76
2016,28.11
2017,28.06
2018,30.61
2019,31
2020,28.54
2000,17.23
2001,17.57
2002,17.75
2003,17.21
2004,17.16
2005,17.26
2006,17.81
2007,17.72
2008,18.31
2009,19.52
2010,20.24
2011,26.54
2012,28.23
2013,26.86
2014,24.78
2015,23.44
2016,23.56
2017,21.7
2018,21.22
2019,21.44
2020,20.51
2000,21.12
2001,24.06
2002,22.34
2003,19.21
2004,18.49
2005,18.71
2006,18.87
2007,20.09
2008,19.33
2009,22.57
2010,20.57
2011,25.13
2012,25.57
2013,24.54
2014,23.74
2015,24.75
2016,24.04
2017,19.89
2018,20.99
2019,19.59
2020,24.48
2000,11.8
2001,11.63
2002,10.9
2003,11.6
2004,10.78
2005,11.81
2006,11.43
2007,11.99
2008,11.32
2009,11.19
2010,10.16
2011,11.45
2012,11.42
2013,11.51
2014,10.94
2015,10.51
2016,11.18
2017,11.05
2018,11.37
2019,11.63
2020,11.35
2000,60.04
2001,61.01
2002,55.53
2003,66.66
2004,57.61
2005,66.55
2006,58.13
2007,61.76
2008,72.89
2009,68.88
2010,52.58
2011,67.02
2012,67.14
2013,68.35
2014,51.86
2015,66.56
2016,61.68
2017,59.89
2018,65.33
2019,54.39
2020,55.17
2000,23.84
2001,23.17
2002,24.04
2003,22.84
2004,22.97
2005,23.11
2006,23.83
2007,23.54
2008,23.85
2009,25.31
2010,25.76
2011,34.45
2012,35.26
2013,34.6
2014,31.29
2015,30.44
2016,29.75
2017,27.48
2018,28.05
2019,27.47
2020,25.1
2000,29.1
2001,28.64
2002,29.04
2003,27.13
2004,29.26
2005,29.1
2006,28.14
2007,29.44
2008,27.64
2009,26.93
2010,22.8
2011,20.79
2012,22.68
2013,24.51
2014,21.62
2015,20.39
2016,22.7
2017,19.36
2018,21.23
2019,22.68
2020,22.59
2000,24.2
2001,22.2
2002,25.88
2003,22.45
2004,19.09
2005,19.49
2006,19.24
2007,16.95
2008,16.55
2009,17.03
2010,20.33
2011,16.66
2012,16.05
2013,16.48
2014,17.23
2015,14.57
2016,13.45
2017,12.43
2018,15.21
2019,13.33
2020,12.38
2000,18.17
2001,19.34
2002,19.5
2003,20.5
2004,20.27
2005,18.76
2006,19.76
2007,20.52
2008,20.26
2009,19.97
2010,18.86
2011,19.49
2012,18.93
2013,20.41
2014,20.54
2015,20.82
2016,19.53
2017,19.05
2018,20.14
2019,20.79
2020,19.38
2000,24.58
2001,25.23
2002,25.18
2003,22.79
2004,20.84
2005,20.73
2006,22.72
2007,21.33
2008,21.8
2009,26.65
2010,25.4
2011,27.17
2012,26.72
2013,25.49
2014,27.1
2015,26.14
2016,25.54
2017,22.68
2018,23.29
2019,21.36
2020,23.67
2000,40.21
2001,33.21
2002,37.83
2003,32.22
2004,47.01
2005,42.53
2006,34.76
2007,43.27
2008,43.39
2009,37.08
2010,29.62
2011,43.27
2012,41.03
2013,34.02
2014,34.44
2015,51.16
2016,48.32
2017,41.6
2018,42.21
2019,37.24
2020,42.46
2000,31.38
2001,35.02
2002,33.73
2003,35.8
2004,36.96
2005,37.57
2006,31.76
2007,35.8
2008,37.89
2009,37.18
2010,43.35
2011,32.87
2012,29.86
2013,36.69
2014,32.75
2015,32.81
2016,34.22
2017,30.56
2018,37.12
2019,32.63
2020,29.93
2000,15.07
2001,16.41
2002,15.55
2003,14.95
2004,12.81
2005,13.12
2006,13.96
2007,12.06
2008,11.84
2009,13.47
2010,11.72
2011,12.93
2012,12.96
2013,12.75
2014,11.98
2015,13.04
2016,13.34
2017,12.06
2018,12.46
2019,11.66
2020,11.49
2000,18.31
2001,17.28
2002,19.41
2003,16.83
2004,14.56
2005,14.62
2006,14.41
2007,13.18
2008,12.5
2009,12.71
2010,15.02
2011,12.49
2012,12.55
2013,12.58
2014,12.95
2015,11.46
2016,10.38
2017,9.94
2018,11.25
2019,10.38
2020,9.34
2000,42.11
2001,39.99
2002,43.48
2003,46.62
2004,41.28
2005,41.8
2006,42.81
2007,36.42
2008,36.69
2009,37.12
2010,37.16
2011,44.1
2012,39.4
2013,35.84
2014,36.98
2015,34.91
2016,32.9
2017,33.25
2018,33.85
2019,28.25
2020,28.49
2000,11.92
2001,16.59
2002,12.45
2003,12.11
2004,10.82
2005,12.65
2006,11.78
2007,12.34
2008,11.59
2009,14.45
2010,12.83
2011,16.02
2012,14.72
2013,15.52
2014,15.01
2015,16.06
2016,16.15
2017,12.54
2018,12.72
2019,12.76
2020,12.73
2000,23.05
2001,25.54
2002,23.64
2003,22.05
2004,22.18
2005,22.82
2006,22.03
2007,25.01
2008,23.54
2009,25.03
2010,21.53
2011,26.39
2012,26.49
2013,25.35
2014,25.99
2015,25
2016,24.95
2017,21.29
2018,21.2
2019,22.33
2020,23.7
2000,23.58
2001,22.31
2002,23.12
2003,22.04
2004,22.86
2005,22.8
2006,24.87
2007,22.63
2008,21.88
2009,21.71
2010,16.29
2011,16.63
2012,17.97
2013,18.86
2014,17.18
2015,17
2016,16.44
2017,14.99
2018,16.73
2019,17.91
2020,16.29
2000,15.71
2001,15.69
2002,15.29
2003,15.72
2004,16.25
2005,15.35
2006,15.82
2007,16.31
2008,15.19
2009,15.71
2010,13.55
2011,11.23
2012,12.18
2013,12.72
2014,11.19
2015,10.72
2016,11.56
2017,10.75
2018,11.46
2019,11.72
2020,11.69
2000,65.12
2001,57.55
2002,62.95
2003,58.55
2004,71.99
2005,62.92
2006,57.68
2007,72.67
2008,65.92
2009,58.64
2010,59.25
2011,62.48
2012,69.89
2013,51.36
2014,56.48
2015,74.16
2016,66.24
2017,66.84
2018,63.78
2019,57.42
2020,56.96
2000,17.66
2001,17.27
2002,17.48
2003,19.25
2004,17.69
2005,16.83
2006,16.62
2007,18.03
2008,17.06
2009,16.21
2010,16.78
2011,16.22
2012,14.21
2013,13.48
2014,13.6
2015,13.81
2016,12.63
2017,13
2018,13.22
2019,12.7
2020,11.81
2000,9.69
2001,9.46
2002,8.91
2003,9.18
2004,8.72
2005,9.51
2006,9.22
2007,9.42
2008,8.95
2009,8.82
2010,9.68
2011,8.87
2012,8.79
2013,8.76
2014,8.55
2015,8.3
2016,8.42
2017,8.41
2018,8.49
2019,8.75
2020,8.65
2000,84.81
2001,65.47
2002,72.91
2003,76.66
2004,71.77
2005,71.78
2006,66.49
2007,73.94
2008,79.68
2009,65.84
2010,64.1
2011,72.18
2012,82.61
2013,63.98
2014,63.64
2015,82.29
2016,75.81
2017,79.46
2018,75.26
2019,71.93
2020,70.72
2000,9.49
2001,9.4
2002,9.25
2003,9.44
2004,9.72
2005,11.44
2006,9.05
2007,9.77
2008,9.52
2009,9.3
2010,9.31
2011,9.47
2012,9.26
2013,9.72
2014,9.59
2015,9.28
2016,9.13
2017,9.13
2018,9.78
2019,9.42
2020,9.3
2000,13.15
2001,12.89
2002,13.21
2003,12.61
2004,12.1
2005,12.55
2006,12.87
2007,12.6
2008,12
2009,12.3
2010,11.99
2011,11.95
2012,12.02
2013,12.24
2014,11.78
2015,12.69
2016,11.56
2017,11.41
2018,12.1
2019,12.31
2020,12.07
2000,28.99
2001,29.12
2002,31.95
2003,25.48
2004,23.76
2005,22.95
2006,21.55
2007,20.02
2008,18.98
2009,19.69
2010,20.86
2011,20.92
2012,20.59
2013,20.18
2014,18.96
2015,18.32
2016,17.23
2017,15.32
2018,17.27
2019,15.94
2020,14.93
2000,16.05
2001,15.08
2002,15.76
2003,17.01
2004,14.5
2005,14.97
2006,15.05
2007,14.65
2008,13.53
2009,13.66
2010,12.43
2011,14.12
2012,12.62
2013,11.78
2014,10.91
2015,11.84
2016,10.47
2017,10.38
2018,10.7
2019,9.66
2020,9.58
2000,24.02
2001,23.98
2002,26.5
2003,27.58
2004,23.91
2005,23.86
2006,24.82
2007,26.13
2008,26.27
2009,29.74
2010,30.4
2011,41.87
2012,44.6
2013,42.08
2014,38.02
2015,38.93
2016,39.55
2017,35.71
2018,34.27
2019,34.58
2020,32.62
2000,8.92
2001,8.98
2002,8.71
2003,8.01
2004,7.24
2005,7.76
2006,7.8
2007,8.33
2008,7.14
2009,7.02
2010,7.55
2011,7.07
2012,7.58
2013,7.49
2014,7.39
2015,8.19
2016,8.83
2017,8.52
2018,8.11
2019,7.86
2020,8.55
2000,26.22
2001,25.49
2002,24.7
2003,24.67
2004,26.44
2005,26.48
2006,26.52
2007,23.2
2008,25.2
2009,24.72
2010,25.59
2011,25.08
2012,23.49
2013,22.63
2014,22.52
2015,25.68
2016,24.71
2017,27.96
2018,23.2
2019,20.9
2020,21.32
2000,20.38
2001,22.58
2002,20.14
2003,18.51
2004,18.78
2005,19.66
2006,19.13
2007,20.66
2008,20.38
2009,20.52
2010,18.61
2011,21.41
2012,21.57
2013,21.78
2014,21.7
2015,21.62
2016,21.08
2017,18.78
2018,18.83
2019,19.56
2020,19.98
2000,40.06
2001,40.76
2002,41.41
2003,40.19
2004,41.92
2005,41.44
2006,41.24
2007,42.5
2008,40.93
2009,40.87
2010,33.35
2011,29.79
2012,33.52
2013,35.55
2014,31.57
2015,30.25
2016,31.54
2017,28.5
2018,32
2019,32.62
2020,32.83
2000,20.54
2001,21.58
2002,21.51
2003,20.14
2004,18.92
2005,19.99
2006,18.5
2007,20.48
2008,20.28
2009,21.95
2010,20.19
2011,23.12
2012,22.61
2013,21.68
2014,21.13
2015,22.17
2016,21.18
2017,19.81
2018,20.11
2019,19.45
2020,20.03
2000,6.49
2001,6.49
2002,6.37
2003,6.24
2004,5.73
2005,6.13
2006,5.98
2007,6.09
2008,5.66
2009,5.35
2010,5.87
2011,5.56
2012,5.47
2013,5.64
2014,5.45
2015,5.65
2016,6.09
2017,6.44
2018,6.14
2019,6.03
2020,6.06
2000,58.25
2001,61.71
2002,61.58
2003,61.56
2004,59.74
2005,59.76
2006,62.18
2007,62.91
2008,61.35
2009,63.26
2010,45.8
2011,58.04
2012,71.86
2013,71.97
2014,75.74
2015,71.59
2016,72.97
2017,64.99
2018,64.36
2019,57.36
2020,45.65
2000,9.47
2001,10.01
2002,9.62
2003,8.91
2004,7.97
2005,8.41
2006,8.41
2007,8.92
2008,7.91
2009,7.98
2010,7.89
2011,8.06
2012,8.41
2013,8.42
2014,8.55
2015,9.09
2016,9.7
2017,9.89
2018,9.07
2019,9.07
2020,9.5
2000,7.71
2001,8.12
2002,7.79
2003,7.74
2004,7.09
2005,7.05
2006,7.21
2007,6.91
2008,6.85
2009,6.56
2010,6.23
2011,6.81
2012,6.76
2013,6.69
2014,6.78
2015,6.8
2016,7.65
2017,7.88
2018,7.9
2019,7.76
2020,7.88
2000,25.56
2001,25.26
2002,25.19
2003,25.73
2004,22.74
2005,24.53
2006,24.07
2007,25.15
2008,22.37
2009,20.8
2010,19.53
2011,23.09
2012,20.52
2013,22.29
2014,20.44
2015,20.92
2016,19.8
2017,19.32
2018,17.65
2019,15.12
2020,16.93
2000,86.39
2001,83.32
2002,85.04
2003,74.62
2004,99.22
2005,88.78
2006,82.97
2007,105.16
2008,89.93
2009,88.17
2010,74.98
2011,91.21
2012,88.71
2013,74.49
2014,71.53
2015,107.91
2016,104.93
2017,88.71
2018,85.91
2019,72.01
2020,85.27
2000,67.72
2001,55.96
2002,59.63
2003,50.33
2004,58.67
2005,54.73
2006,54.33
2007,64.14
2008,61.49
2009,54.72
2010,44.25
2011,55.16
2012,59.45
2013,48.21
2014,48.27
2015,77.21
2016,65.47
2017,63.25
2018,57.04
2019,51.77
2020,56.6
2000,6.47
2001,6.74
2002,6.78
2003,6.73
2004,6.26
2005,6.16
2006,6.52
2007,6.09
2008,5.93
2009,5.57
2010,6.19
2011,5.48
2012,5.69
2013,5.77
2014,5.96
2015,5.97
2016,6.54
2017,6.78
2018,6.73
2019,6.58
2020,6.45
2000,5.853
2005,5.663
2010,5.471
2011,5.525
2012,5.514
2013,5.43
2014,5.666
2015,5.597
2016,6.293
2017,6.092
2018,6.118
2019,6.11
2000,9.33
2001,9.81
2002,10.92
2003,9.42
2004,9.83
2005,8.42
2006,9.51
2007,8.19
2008,7.61
2009,8.29
2010,8.28
2011,7.47
2012,7.49
2013,8.33
2014,7.93
2015,10.01
2016,8.83
2017,8.64
2018,9.61
2019,9.82
2020,9.69
2000,27.4
2001,28.79
2002,29.63
2003,33.22
2004,32.61
2005,29.06
2006,30.16
2007,30.26
2008,29.92
2009,30.98
2010,30
2011,29.92
2012,28.45
2013,32.7
2014,30.64
2015,31.83
2016,27.74
2017,27.77
2018,30.43
2019,31.01
2020,27.15
2000,46.73
2001,45.11
2002,43.1
2003,47.65
2004,49.25
2005,46.98
2006,43.74
2007,43.87
2008,51.98
2009,46.11
2010,35.46
2011,49.31
2012,52.45
2013,47.82
2014,41.4
2015,47.67
2016,45.42
2017,48.5
2018,49.47
2019,44.68
2020,39.52
2000,61.14
2001,62.04
2002,62.4
2003,62.58
2004,61.57
2005,60.87
2006,62.95
2007,62.26
2008,60.86
2009,61.01
2010,43.74
2011,57.56
2012,69.05
2013,70.83
2014,73.99
2015,70.17
2016,70.7
2017,63.72
2018,64.3
2019,54.44
2020,44.31
2000,7.23
2001,8.13
2002,10.11
2003,8.12
2004,8.22
2005,7.05
2006,8.56
2007,6.76
2008,5.93
2009,7.72
2010,5.2
2011,6.55
2012,6.91
2013,6.83
2014,7.37
2015,8.95
2016,7.02
2017,7
2018,7.89
2019,7.75
2020,7.33
2000,19.14
2001,17.75
2002,17.97
2003,19.08
2004,17.37
2005,17.67
2006,19.04
2007,18.78
2008,16.92
2009,14.64
2010,14.02
2011,15.94
2012,14.72
2013,15.43
2014,14.89
2015,14.82
2016,13.91
2017,13.89
2018,13.25
2019,11.92
2020,11.5
2000,17.46
2001,16
2002,15.91
2003,16.08
2004,15.56
2005,15.71
2006,16.21
2007,16.59
2008,16.3
2009,16.1
2010,15.19
2011,16.14
2012,16.15
2013,16.18
2014,16.04
2015,16.52
2016,15.84
2017,15.6
2018,16.58
2019,16.54
2020,17
2000,13.79
2001,13.16
2002,12.61
2003,13.24
2004,12.98
2005,12.8
2006,12.69
2007,12.64
2008,12.81
2009,12.73
2010,11.69
2011,13.24
2012,12.53
2013,11.88
2014,11.63
2015,10.65
2016,10.61
2017,10.49
2018,10.68
2019,10.32
2020,10.31
2000,70.35
2001,74.01
2002,72.65
2003,69.87
2004,68.44
2005,68.21
2006,62.21
2007,59.13
2008,48.36
2009,42.27
2010,33.04
2011,32.4
2012,34.29
2013,32.45
2014,33.3
2015,33.23
2016,34.07
2017,32.98
2018,30.86
2019,29.3
2020,27.18
2000,31
2001,27.68
2002,28.09
2003,28.73
2004,29.78
2005,29.42
2006,29.64
2007,28.91
2008,28.48
2009,27.08
2010,20.92
2011,19.99
2012,21.54
2013,22.46
2014,20.12
2015,19.57
2016,19.69
2017,18.18
2018,20.37
2019,21.36
2020,20.15
2000,6.04
2001,6.33
2002,6.21
2003,6.2
2004,5.93
2005,5.83
2006,5.95
2007,5.81
2008,5.4
2009,5.25
2010,4.81
2011,5.27
2012,5.33
2013,5.51
2014,5.58
2015,5.45
2016,5.79
2017,6.15
2018,6.06
2019,5.86
2020,5.84
2000,7.6
2001,7.38
2002,7.28
2003,6.78
2004,6.08
2005,6.56
2006,6.77
2007,6.91
2008,5.88
2009,5.97
2010,6.49
2011,5.71
2012,6.41
2013,6.17
2014,6.38
2015,6.8
2016,7
2017,7.19
2018,6.76
2019,6.72
2020,7.25
2000,90.28
2001,86.59
2002,77.79
2003,105.53
2004,97.09
2005,99.25
2006,90.25
2007,92.3
2008,104.16
2009,96.01
2010,63.57
2011,89.35
2012,97.51
2013,90.32
2014,76.4
2015,99.23
2016,85.18
2017,84.69
2018,95.04
2019,82.11
2020,76.7
2000,20.58
2001,20.6
2002,23.33
2003,24.09
2004,21.19
2005,21.62
2006,22.81
2007,18.46
2008,18.62
2009,19.32
2010,21.09
2011,21.58
2012,19.64
2013,18.06
2014,18.18
2015,17.65
2016,16.66
2017,16.96
2018,17.03
2019,14.61
2020,14.21
2000,21.03
2001,20.23
2002,21.5
2003,18.95
2004,17.46
2005,16.03
2006,15.34
2007,14.38
2008,14.59
2009,14.29
2010,15.68
2011,14.11
2012,14.09
2013,14.24
2014,14.43
2015,13.11
2016,12.63
2017,11.88
2018,12.48
2019,11.83
2020,11.42
2000,31.35
2001,31.14
2002,29.81
2003,29.49
2004,31.49
2005,30.03
2006,30.3
2007,30.92
2008,30.19
2009,29.65
2010,27.6
2011,31.13
2012,31.52
2013,30.61
2014,31.85
2015,31.25
2016,31.66
2017,30.34
2018,30.18
2019,29.97
2020,31.24
2000,8.5
2001,8.11
2002,8.66
2003,8.45
2004,7.89
2005,7.89
2006,7.94
2007,8.04
2008,7.5
2009,7.04
2010,7.92
2011,7.11
2012,7.08
2013,7.29
2014,7.19
2015,7.37
2016,8.06
2017,8.49
2018,8.04
2019,8.54
2020,8.3
2000,8.37
2001,8.34
2002,8.14
2003,7.46
2004,6.77
2005,7.28
2006,7.37
2007,7.79
2008,6.69
2009,6.6
2010,6.81
2011,6.6
2012,7.17
2013,7.04
2014,6.92
2015,7.69
2016,8.17
2017,8.07
2018,7.54
2019,7.4
2020,8.08
2000,22.56
2001,22.01
2002,22.4
2003,21.39
2004,20.64
2005,20.66
2006,20.45
2007,22.09
2008,20.22
2009,20.84
2010,19.67
2011,20.29
2012,20.73
2013,21.48
2014,21.9
2015,23.6
2016,23.69
2017,22.75
2018,22.94
2019,22.73
2020,23.41
2000,9.68
2001,9.75
2002,10.07
2003,9.85
2004,8.64
2005,9.11
2006,9.16
2007,8.54
2008,8.27
2009,8.14
2010,8.1
2011,7.75
2012,7.82
2013,9.25
2014,8.55
2015,8.21
2016,8.13
2017,9.36
2018,8.92
2019,8.22
2020,8.69
2000,23.58
2001,22.91
2002,23.49
2003,22.25
2004,21.47
2005,21.4
2006,21.19
2007,23
2008,20.94
2009,21.58
2010,21.5
2011,21.01
2012,21.37
2013,22.24
2014,22.68
2015,24.43
2016,24.56
2017,23.67
2018,23.62
2019,23.64
2020,24.15
2000,12.23
2001,12.33
2002,11.91
2003,12.37
2004,11.52
2005,12.25
2006,12.08
2007,12.06
2008,11.49
2009,11.58
2010,11.2
2011,11.35
2012,11.54
2013,11.62
2014,11.63
2015,11.49
2016,11.57
2017,11.18
2018,11.86
2019,11.9
2020,11.6
2000,13.63
2001,12.86
2002,12.98
2003,13.33
2004,11.76
2005,12.14
2006,12.37
2007,11.25
2008,10.74
2009,11.01
2010,9.71
2011,11
2012,10.68
2013,10.44
2014,10.84
2015,11.17
2016,10.83
2017,11.17
2018,11.73
2019,10.51
2020,10.69
2000,24.98
2001,22.9
2002,24.06
2003,22.92
2004,23.29
2005,25.06
2006,20.84
2007,24.49
2008,23.76
2009,20.82
2010,19.88
2011,23.19
2012,20.61
2013,22.1
2014,19.79
2015,26.51
2016,25.94
2017,21.47
2018,20.13
2019,21.74
2020,27.49
2000,58.85
2001,55.88
2002,55.5
2003,68.57
2004,64.82
2005,63.61
2006,61.62
2007,63.91
2008,71.87
2009,67.07
2010,56.77
2011,65.16
2012,69.42
2013,68.29
2014,54.68
2015,69.32
2016,60.97
2017,62.58
2018,66.04
2019,62.09
2020,56.78
2000,69.19
2001,52.83
2002,62.92
2003,61.85
2004,63.12
2005,57.08
2006,55.8
2007,66.55
2008,67.9
2009,54.43
2010,50.04
2011,59.35
2012,72.58
2013,51
2014,54.75
2015,70.34
2016,62.37
2017,69.29
2018,62.06
2019,60.59
2020,63.76
2000,10.12
2001,9.6
2002,9.54
2003,10.16
2004,10.19
2005,9.7
2006,9.29
2007,9.9
2008,9.74
2009,9.79
2010,8.1
2011,10.05
2012,9.43
2013,9.28
2014,8.71
2015,8.62
2016,9.47
2017,9.46
2018,8.98
2019,9.06
2020,8.15
2000,41.85
2001,36.1
2002,37.54
2003,34.85
2004,44.94
2005,41.77
2006,35.82
2007,45.45
2008,44.63
2009,37.93
2010,32.46
2011,43.34
2012,42.55
2013,34.58
2014,36.33
2015,51.97
2016,48.77
2017,44.97
2018,44.63
2019,38.73
2020,43.41
2000,20.54
2001,19.45
2002,18.84
2003,16.62
2004,16.71
2005,16.9
2006,19.29
2007,17.16
2008,16.54
2009,16.41
2010,12.85
2011,15.77
2012,17.28
2013,18.49
2014,17.49
2015,17.45
2016,16.14
2017,16.23
2018,16.18
2019,17.31
2020,14.01
2000,20.85
2001,20.23
2002,22.88
2003,24.08
2004,21.06
2005,22.2
2006,23.24
2007,18.03
2008,18.37
2009,19.03
2010,18.81
2011,20.81
2012,18.44
2013,18.26
2014,17.9
2015,17.82
2016,16.55
2017,16.59
2018,18.28
2019,13.98
2020,14.36
2000,12.74
2001,13.17
2002,13.08
2003,13.23
2004,12.46
2005,12.68
2006,13.67
2007,13.73
2008,12.31
2009,13.31
2010,11.99
2011,13.23
2012,13.23
2013,13.5
2014,13.59
2015,13.31
2016,13.4
2017,13.35
2018,14.18
2019,14.22
2020,13.87
2000,28.07
2001,24.24
2002,25.51
2003,23.24
2004,23.32
2005,22.46
2006,23.05
2007,22.34
2008,26.5
2009,26.12
2010,21.4
2011,27.78
2012,29.21
2013,27.49
2014,25.54
2015,25
2016,25.4
2017,26.43
2018,26.69
2019,22.6
2020,24.53
2000,24.18
2001,23.51
2002,22.77
2003,21.95
2004,21.93
2005,22.35
2006,23.54
2007,22.29
2008,23.4
2009,24.13
2010,23.21
2011,24.77
2012,24.41
2013,23.95
2014,24.32
2015,24.36
2016,23.88
2017,23.45
2018,23.47
2019,22.86
2020,23.34
2000,26.76
2001,26.42
2002,25.47
2003,25.67
2004,25.56
2005,26.31
2006,25.76
2007,26.15
2008,26.26
2009,25.28
2010,21.37
2011,19.33
2012,20.94
2013,22.02
2014,19.8
2015,17.93
2016,19.57
2017,18.4
2018,20.87
2019,19.81
2020,19.99
2000,51.101
2005,52.334
2010,53.863
2011,55.51
2012,56.027
2013,53.521
2014,47.667
2015,53.886
2016,52.375
2017,54.744
2018,55.021
2019,56.036
2000,32.27
2001,26.4
2002,25.66
2003,25.98
2004,24.07
2005,25.59
2006,26.97
2007,29.13
2008,25.89
2009,24.87
2010,23.65
2011,23.06
2012,26.34
2013,24.98
2014,25.5
2015,27.33
2016,26.98
2017,26.71
2018,29.6
2019,29.9
2020,27.16
2000,23.52
2001,20.52
2002,19.44
2003,18.7
2004,19.68
2005,20.98
2006,20.55
2007,19.43
2008,21.05
2009,20.38
2010,20.57
2011,20.69
2012,21.17
2013,20.99
2014,20.82
2015,21.08
2016,18.97
2017,20.29
2018,20.45
2019,21.18
2020,18.8
2000,23.33
2001,24.33
2002,25.45
2003,26.15
2004,26.12
2005,24.66
2006,26.93
2007,27.51
2008,28.45
2009,27.04
2010,28.49
2011,26.15
2012,25.01
2013,26.77
2014,26.18
2015,27.45
2016,26.04
2017,25.05
2018,26.41
2019,26.95
2020,25.12
2000,24.19
2001,25.06
2002,25.11
2003,23.84
2004,24.12
2005,24.16
2006,23.36
2007,23.57
2008,23.02
2009,25.19
2010,20.47
2011,22.6
2012,21.39
2013,25.56
2014,24.62
2015,23.23
2016,21.04
2017,21.49
2018,18.56
2019,17.38
2020,16.24
2000,38.23
2001,37.48
2002,36.2
2003,34.48
2004,34.82
2005,34.24
2006,35.93
2007,36.71
2008,37.45
2009,38.71
2010,37.32
2011,54.79
2012,52.9
2013,52.63
2014,48.19
2015,47.05
2016,46.18
2017,43.76
2018,43.51
2019,41.51
2020,38.14
2000,20.19
2001,24.3
2002,22.02
2003,20.93
2004,20.77
2005,21.31
2006,20.12
2007,22.29
2008,21.13
2009,23.25
2010,20.26
2011,25.14
2012,25.52
2013,24.49
2014,24.2
2015,25.13
2016,25.35
2017,20.94
2018,21.22
2019,20.69
2020,25.01
2000,40.31
2001,39.44
2002,40.57
2003,38.74
2004,40.94
2005,40.22
2006,39.7
2007,41.5
2008,39.92
2009,38.22
2010,32.46
2011,28.98
2012,31.49
2013,34.38
2014,29.86
2015,28.06
2016,30.26
2017,26.98
2018,29.85
2019,30.24
2020,30.83
2000,21.16
2001,21.94
2002,22.18
2003,21.02
2004,22.4
2005,20.82
2006,21.51
2007,22.1
2008,21.74
2009,21.14
2010,16.14
2011,16.41
2012,17.81
2013,17.66
2014,16.97
2015,15.92
2016,16.37
2017,15.11
2018,16.95
2019,17.76
2020,17.54
2000,64
2001,49.42
2002,53.12
2003,44.66
2004,57.69
2005,46.09
2006,47.18
2007,58.45
2008,59.22
2009,47.02
2010,42.23
2011,48.76
2012,53.98
2013,43.34
2014,43.37
2015,67.35
2016,60.39
2017,58.44
2018,55.27
2019,47.87
2020,52
2000,6.96
2001,7.23
2002,7.28
2003,7.09
2004,6.54
2005,6.95
2006,6.57
2007,6.63
2008,6.24
2009,5.91
2010,6.85
2011,6.01
2012,5.96
2013,6.32
2014,6.34
2015,6.26
2016,6.81
2017,6.96
2018,7.17
2019,6.9
2020,6.82
2000,12.92
2001,12.83
2002,12.58
2003,12.85
2004,12.61
2005,12.53
2006,12.83
2007,12.81
2008,13.35
2009,12.29
2010,11.84
2011,12.13
2012,12.39
2013,12.18
2014,12.1
2015,11.75
2016,12.03
2017,12.1
2018,12.65
2019,12.76
2020,12.48
2000,24.17
2001,23.81
2002,24.37
2003,23.09
2004,21.91
2005,21.86
2006,21.93
2007,24.06
2008,21.82
2009,22.55
2010,22.18
2011,22.71
2012,22.67
2013,23.42
2014,24.11
2015,26.28
2016,25.26
2017,25.41
2018,24.34
2019,25.02
2020,25.59
2000,27.49
2001,27.08
2002,29.58
2003,26.4
2004,25.29
2005,24.72
2006,22.95
2007,27.51
2008,26.59
2009,24.39
2010,25.97
2011,23.91
2012,22.79
2013,22.23
2014,25.25
2015,23.67
2016,24.81
2017,22.62
2018,25.56
2019,23.83
2020,24.29
2000,18.94
2001,19.2
2002,18.48
2003,17.25
2004,17.11
2005,16.76
2006,17.9
2007,18.38
2008,18.76
2009,20.28
2010,20.04
2011,26.85
2012,26.82
2013,26.44
2014,25
2015,23.77
2016,23.4
2017,21.74
2018,22.13
2019,20.3
2020,19.52
2000,6.33
2001,6.38
2002,5.94
2003,5.9
2004,5.61
2005,5.62
2006,5.94
2007,5.81
2008,5.32
2009,5.23
2010,4.55
2011,5.12
2012,5.39
2013,5.34
2014,5.49
2015,5.6
2016,5.54
2017,5.96
2018,6.02
2019,5.52
2020,5.92
2000,6.26
2001,6.36
2002,6.33
2003,6.21
2004,5.7
2005,6.03
2006,5.84
2007,5.82
2008,5.53
2009,5.32
2010,5.93
2011,5.31
2012,5.28
2013,5.46
2014,5.61
2015,5.56
2016,5.98
2017,6.26
2018,6.2
2019,6.09
2020,6.02
2000,33.26
2001,34.44
2002,32.56
2003,31.02
2004,31.95
2005,30.82
2006,31.55
2007,31.91
2008,32.36
2009,31.41
2010,28.31
2011,35.07
2012,35.93
2013,34.87
2014,34.15
2015,36.46
2016,35.21
2017,32.25
2018,33.12
2019,31.48
2020,33.78
2000,27.85
2001,27.74
2002,29.06
2003,24.47
2004,23.09
2005,22.23
2006,20.78
2007,19.42
2008,18.44
2009,19.16
2010,20.52
2011,19.67
2012,18.9
2013,19.1
2014,18.64
2015,18
2016,16.43
2017,15.83
2018,17.28
2019,15.71
2020,15.03
2000,43.49
2001,44.17
2002,38.74
2003,47.81
2004,47.64
2005,42.99
2006,41.85
2007,44.95
2008,49.83
2009,44.64
2010,32.62
2011,46.05
2012,49.21
2013,43.13
2014,38.72
2015,48.05
2016,43.34
2017,44.52
2018,46.35
2019,41.57
2020,36.13
2000,12.96
2001,12.59
2002,12.5
2003,12.65
2004,12.06
2005,11.57
2006,12.21
2007,12.33
2008,11.42
2009,10.74
2010,9.97
2011,10.11
2012,9.76
2013,10.87
2014,10.48
2015,10.49
2016,10.28
2017,10.09
2018,10.16
2019,10.32
2020,10.59
2000,32.06
2001,30.86
2002,31.05
2003,29.7
2004,29.92
2005,29.67
2006,31.3
2007,31.29
2008,31.9
2009,33.34
2010,33.04
2011,46.08
2012,45.7
2013,44.74
2014,41.06
2015,39.43
2016,39.16
2017,36.71
2018,36.29
2019,35.55
2020,33.37
2000,14.59
2001,14.41
2002,13.74
2003,14.25
2004,12.92
2005,13.52
2006,13.68
2007,13.82
2008,13.19
2009,13.39
2010,12.32
2011,13.82
2012,13.62
2013,13.8
2014,13.45
2015,13.03
2016,13.42
2017,13.21
2018,14.13
2019,13.83
2020,13.59
2000,23.59
2001,24.13
2002,24.09
2003,24.07
2004,21.46
2005,21.95
2006,22.83
2007,22.93
2008,21.04
2009,19.08
2010,19.05
2011,22.08
2012,19.65
2013,20.31
2014,19.62
2015,19.63
2016,19.19
2017,19.44
2018,16.64
2019,15.13
2020,15.53
2000,27.12
2001,26.21
2002,26.7
2003,25.91
2004,27.43
2005,27.26
2006,27.22
2007,27.85
2008,27.57
2009,25.32
2010,21.9
2011,20.42
2012,21.43
2013,23.14
2014,20.32
2015,19.3
2016,20.24
2017,18.49
2018,20.05
2019,20.69
2020,20.63
2000,9.12
2001,8.9
2002,8.76
2003,8.13
2004,7.4
2005,7.85
2006,8.04
2007,8.36
2008,7.21
2009,7.28
2010,7.96
2011,7.02
2012,7.88
2013,7.59
2014,7.64
2015,8.28
2016,8.56
2017,8.83
2018,8.19
2019,8.18
2020,8.89
2000,6.84
2001,7.04
2002,6.99
2003,6.97
2004,6.5
2005,6.61
2006,6.61
2007,6.27
2008,6.06
2009,5.85
2010,6.33
2011,5.79
2012,5.92
2013,6.09
2014,6.48
2015,6.38
2016,6.84
2017,7.06
2018,7.01
2019,6.78
2020,6.81
2000,45.21
2001,38.41
2002,37.85
2003,39.29
2004,37.9
2005,38.73
2006,36.85
2007,38.22
2008,46.25
2009,43.14
2010,34.9
2011,43.43
2012,53.8
2013,48.59
2014,38.25
2015,44.2
2016,40.96
2017,42.3
2018,44.03
2019,41.78
2020,34.98
2000,24.51
2001,26.75
2002,24.9
2003,24.14
2004,23.15
2005,24.55
2006,23.42
2007,25.58
2008,25.09
2009,25.46
2010,22.51
2011,26.66
2012,26.93
2013,25.72
2014,26.15
2015,25.75
2016,26.26
2017,23.78
2018,23.36
2019,23.2
2020,24.33
2000,20.3
2001,25.64
2002,21.84
2003,20.05
2004,18.25
2005,20.45
2006,19.28
2007,20.61
2008,21.71
2009,22.22
2010,20.08
2011,23.7
2012,23.62
2013,22.67
2014,23.53
2015,23.15
2016,22.64
2017,18.03
2018,19.16
2019,18.55
2020,19.53
2000,61.71
2001,49.73
2002,56.09
2003,52.21
2004,53.14
2005,55.58
2006,40.97
2007,46.48
2008,56.46
2009,48.51
2010,41.31
2011,46.88
2012,52.64
2013,46.43
2014,46
2015,50.43
2016,46.34
2017,54.94
2018,49.48
2019,46.89
2020,50.67
2000,31.45
2001,31.61
2002,31.28
2003,32.28
2004,32.92
2005,33.15
2006,32.71
2007,32.79
2008,32.98
2009,34.25
2010,26.09
2011,31.12
2012,28.92
2013,34.21
2014,33.38
2015,29.95
2016,27.91
2017,27.96
2018,24.1
2019,22.91
2020,20.93
2000,7.42
2001,7.54
2002,8
2003,7.13
2004,7.16
2005,6.78
2006,7.22
2007,7.14
2008,6.56
2009,6.4
2010,5.67
2011,5.99
2012,6.83
2013,6.55
2014,7.19
2015,6.84
2016,7.07
2017,7.35
2018,7.75
2019,7.89
2020,7.8
2000,7.658
2005,7.196
2010,7.102
2011,6.766
2012,6.941
2013,7.088
2014,7.434
2015,7.665
2016,7.747
2017,7.914
2018,7.893
2019,7.875
2000,26.826
2005,26.404
2010,26.078
2011,22.376
2012,23.49
2013,24.236
2014,22.001
2015,22.12
2016,23.183
2017,20.775
2018,21.141
2019,21.223
2000,33.279
2005,31.472
2010,31.882
2011,34.443
2012,30.95
2013,29.079
2014,28.553
2015,28.191
2016,25.575
2017,26.643
2018,26.073
2019,25.504
2000,27.48
2001,26.86
2002,29.4
2003,32.01
2004,28.14
2005,27.79
2006,29.17
2007,25.53
2008,24.72
2009,25.78
2010,25.21
2011,28.46
2012,26.62
2013,24.31
2014,24.16
2015,23.77
2016,21.93
2017,22.37
2018,23.26
2019,19.38
2020,18.98
2000,12.26
2001,11.67
2002,11.64
2003,12.57
2004,10.51
2005,10.39
2006,11.09
2007,10.6
2008,9.9
2009,9.5
2010,9.49
2011,9.69
2012,9.34
2013,9.62
2014,9.86
2015,9.48
2016,10.74
2017,10.8
2018,10.98
2019,10.37
2020,10.21
2000,10.13
2001,9.46
2002,9.69
2003,10.74
2004,8.5
2005,8.65
2006,9.02
2007,8.82
2008,7.92
2009,7.71
2010,7.58
2011,7.86
2012,7.74
2013,7.68
2014,8.46
2015,7.9
2016,8.34
2017,8.84
2018,9.03
2019,8.76
2020,8.71
2000,12.41
2001,12.61
2002,12.09
2003,12.78
2004,10.67
2005,10.45
2006,11.53
2007,10.84
2008,10.12
2009,10.15
2010,9.49
2011,10.28
2012,9.61
2013,10.26
2014,9.87
2015,9.59
2016,10.83
2017,10.98
2018,11.13
2019,10.67
2020,10.43
2000,41.528
2005,40.272
2010,38.582
2011,40.507
2012,40.89
2013,40.099
2014,35.999
2015,40.891
2016,38.325
2017,39.282
2018,38.849
2019,38.672
2000,8.74
2001,9.45
2002,8.62
2003,8.66
2004,7.76
2005,7.93
2006,8.14
2007,8.07
2008,7.39
2009,7.62
2010,6.58
2011,7.91
2012,7.58
2013,8.03
2014,7.85
2015,8.05
2016,8.61
2017,8.57
2018,8.88
2019,8.04
2020,8.36
